編號	經名	總卷數	作譯者	千字文首	千字文首冊數	千字文尾	千字文尾冊數
0001	大般若波羅蜜多經	600	玄奘 譯	天	1	奈	10
0002	放光般若波羅蜜經	30	無羅叉共竺叔蘭 譯	菜	1	芥	10
0003	摩訶般若波羅蜜經	30	鳩摩羅什共僧叡 譯	薑	1	咸	10
0004	光贊般若波羅蜜經	10	竺法護 譯	河	1	河	10
0005	道行般若波羅蜜經	10	支婁迦讖 譯	淡	1	淡	10
0006	小品般若波羅蜜經	10	鳩摩羅什 譯	鱗	1	鱗	10
0007	摩訶般若波羅蜜鈔經	5	曇摩[虫+(田/(亓-一))]共竺佛念 等譯	潛	1	潛	5
0008	大明度無極經	6	支謙 譯	潛	6	潛	10
0009	勝天王般若波羅蜜經	7	月婆首那 譯	羽	1	羽	7
0010a	金剛般若波羅蜜經	1	鳩摩羅什 譯	羽	8	羽	8
0010b	金剛般若波羅蜜經	1	留支 譯	羽	9	羽	9
0010c	金剛般若波羅蜜經	1	真諦 譯	羽	10	羽	10
0011a	能斷金剛般若波羅蜜多經	1	玄奘 譯	翔	1	翔	1
0011b	能斷金剛般若波羅蜜多經	1	義淨 譯	翔	2	翔	2
0012	金剛能斷般若波羅蜜經	1	笈多 譯	翔	3	翔	3
0013	佛說濡首菩薩無上清淨分衛經	2	翔公 譯	翔	4	翔	5
0014	仁王護國般若波羅蜜經	2	鳩摩羅什 譯	翔	6	翔	7
0015	實相般若波羅蜜經	1	菩提流志 等譯	翔	8	翔	8
0016	摩訶般若波羅蜜大明咒經	1	鳩摩羅什 譯	翔	8	翔	8
0017	般若波羅蜜多心經	1	玄奘 譯	翔	8	翔	8
0018	文殊師利所說摩訶般若波羅蜜經	1	曼陀羅仙 譯	翔	9	翔	9
0019	文殊師利所說般若波羅蜜經	1	僧伽婆羅 譯	翔	10	翔	10
0020	大寶積經	120	菩提流志 等譯	龍	1	字	10
0021	大方廣三戒經	3	曇無讖 譯	乃	1	乃	3
0022	佛說無量清淨平等覺經	3	支婁迦讖 譯	乃	4	乃	6
0023	佛說阿彌陀經	2	支謙 譯	乃	7	乃	8
0024	佛說無量壽經	2	康僧鎧 譯	乃	9	乃	10
0025	佛說阿閦佛國經	3	支婁迦讖 譯	服	1	服	3
0026	佛說大乘十法經	1	僧伽婆羅 譯	服	4	服	4
0027	佛說普門品經	1	竺法護 譯	服	5	服	5
0028	文殊師利佛土嚴淨經	2	竺法護 譯	服	6	服	7
0029	佛說胞胎經	1	竺法護 譯	服	8	服	8
0030	佛說法鏡經	2	安玄共嚴佛調 譯	服	9	服	10
0031	鬱迦羅越問菩薩行經	1	竺法護 譯	衣	1	衣	1
0032	幻士仁賢經	1	竺法護 譯	衣	2	衣	2
0033	佛說決定毗尼經	1	敦煌法師 譯	衣	3	衣	3
0034	發覺淨心經	2	闍那崛多 譯	衣	4	衣	5
0035	佛說優填王經	1	法炬 譯	衣	6	衣	6
0036	佛說須摩提經	1	竺法護 譯	衣	6	衣	6
0037	佛說須摩提菩薩經	1	鳩摩羅什 譯	衣	7	衣	7
0038	佛說離垢施女經	1	竺法護 譯	衣	7	衣	7
0039	佛說阿闍世王女阿術達菩薩經	1	竺法護 譯	衣	8	衣	8
0040a	佛說須賴經	1	白延 譯	衣	9	衣	9
0040b	佛說須賴經	1	支施崙 譯	衣	10	衣	10
0041	得無垢女經	1	般若流支 譯	裳	1	裳	1
0042	文殊師利所說不思議佛境界經	2	菩提流志 等譯	裳	2	裳	3
0043	佛說如幻三昧經	3	竺法護 譯	裳	4	裳	6
0044	善住意天子所問經	3	毗目智仙共流支 等譯	裳	7	裳	9
0045	太子刷護經	1	竺法護 譯	裳	10	裳	10
0046	太子和休經	1	失譯人名附西晉錄	裳	10	裳	10
0047	入法界體性經	1	闍那崛多 譯	裳	10	裳	10
0048	慧上菩薩問大善權經	2	竺法護 譯	推	1	推	2
0049	大乘顯識經	2	地婆訶羅 等譯	推	3	推	4
0050	佛說大乘方等要慧經	1	安世高 譯	推	5	推	5
0051	彌勒菩薩所問本願經	1	竺法護 譯	推	5	推	5
0052	度一切諸佛境界智嚴經	1	僧伽婆羅 等譯	推	5	推	5
0053	佛說遺日摩尼寶經	1	支婁迦讖 譯	推	6	推	6
0054	佛說摩訶衍寶嚴經	1	晉代失譯人名	推	7	推	7
0055	勝鬘師子吼一乘大方便方廣經	1	求那跋陀羅 譯	推	8	推	8
0056	毗耶娑問經	2	般若流支 譯	推	9	推	10
0057	大方等大集經	30	曇無讖 譯	位	1	國	10
0058	大乘大方等日藏經	10	那連提耶舍 譯	有	1	有	10
0059	大方等大集月藏經	10	那連提耶舍 譯	虞	1	虞	10
0060	大乘大集地藏十輪經	10	玄奘 譯	陶	1	陶	10
0061	佛說大方廣十輪經	8	失譯人名附北涼錄	唐	1	唐	8
0062	大集須彌藏經	2	那連提耶舍共法智 譯	唐	9	唐	10
0063	虛空孕菩薩經	2	闍那崛多 譯	吊	1	吊	2
0064	虛空藏菩薩經	1	佛陀耶舍 譯	吊	3	吊	3
0065	虛空藏菩薩神咒經	1	曇摩蜜多 譯	吊	4	吊	4
0066	觀虛空藏菩薩經	1	曇摩蜜多 譯	吊	4	吊	4
0067	佛說菩薩念佛三昧經	6	功德直共玄暢 譯	吊	5	吊	10
0068	佛說大方等大集菩薩念佛三昧經	10	達磨笈多 譯	民	1	民	10
0069	般舟三昧經	3	支婁迦讖 譯	伐	1	伐	3
0070	阿差末菩薩經	7	竺法護 譯	伐	4	伐	10
0071	大方等大集賢護經	5	闍那崛多共笈多 等譯	罪	1	罪	5
0072	拔陂菩薩經	1	支婁迦讖 譯	罪	6	罪	6
0073	無盡意菩薩經	4	智嚴共寶雲 譯	罪	7	罪	10
0074	大集譬喻王經	2	闍那崛多 等譯	周	1	周	2
0075	大哀經	8	竺法護 譯	周	3	周	10
0076	寶女所問經	4	竺法護 譯	發	1	發	4
0077	無言童子經	2	竺法護 譯	發	5	發	6
0078	自在王菩薩經	2	鳩摩羅什 譯	發	7	發	8
0079	奮迅王問經	2	般若流支 等譯	發	9	發	10
0080	寶星陀羅尼經	8	波羅頗密多羅 譯	殷	1	殷	8
0081	度諸佛境界智光嚴經	1	失譯人名附三秦錄	殷	9	殷	9
0082	大乘金剛髻珠菩薩修行分經	1	菩提流志 譯	殷	10	殷	10
0083	大方廣佛華嚴經	60	佛陀跋陀羅 等譯	湯	1	垂	10
0084	大方廣佛華嚴經	80	實叉難陀 譯	拱	1	臣	10
0085	大方廣佛華嚴經普賢菩薩行願品	40	般若 譯	伏	1	遐	10
0086	信力入印法門經	5	曇摩流支 譯	邇	1	邇	5
0087	佛華嚴入如來德智不思議境界經	1	闍那崛多 譯	邇	6	邇	6
0088	佛說如來興顯經	4	竺法護 譯	邇	7	邇	10
0089	大方廣入如來智德不思議經	1	實叉難陀 譯	壹	1	壹	1
0090	大方廣佛華嚴經修慈分	1	提雲般若 等譯	壹	1	壹	1
0091	顯無邊佛土功德經	1	玄奘 譯	壹	1	壹	1
0092	大方廣佛華嚴經不思議佛境界分	1	提曇般若 譯	壹	2	壹	2
0093	大方廣如來不思議境界經	1	實叉難陀 譯	壹	2	壹	2
0094	大方廣普賢所說經	1	實叉難陀 譯	壹	3	壹	3
0095	莊嚴菩提心經	1	鳩摩羅什 譯	壹	3	壹	3
0096	佛說菩薩本業經	1	支謙 譯	壹	3	壹	3
0098	佛說兜沙經	1	支婁迦讖 譯	壹	4	壹	4
0099	大方廣菩薩十地經	1	吉迦夜共曇曜 譯	壹	4	壹	4
0100	度世品經	6	竺法護 譯	壹	5	壹	10
0101	十住經	6	鳩摩羅什共佛陀耶舍 譯	體	1	體	6
0102	佛說羅摩伽經	4	聖堅 譯	體	7	體	10
0103	諸菩薩求佛本業經	1	聶道真 譯	率	1	率	1
0104	菩薩十住行道品經	1	竺法護 譯	率	1	率	1
0105	佛說菩薩十住經	1	祇多蜜 譯	率	1	率	1
0106	漸備一切智德經	5	竺法護 譯	率	2	率	6
0107	等目菩薩所問三昧經	3	竺法護 譯	率	7	率	9
0108	文殊師利問菩薩署經	1	支婁迦讖 譯	率	10	率	10
0109	大般涅盤經	40	曇無讖 譯	賓	1	鳴	10
0110	南本大般涅盤經	36	曇無讖 譯	鳳	1	白	6
0111	大般涅盤經後分	2	若那跋陀羅共會寧 等譯	白	7	白	8
0112	佛說方等般泥洹經	2	竺法護 譯	白	9	白	10
0113	大悲經	5	那連提黎耶舍共法智 譯	駒	1	駒	5
0114	大般涅盤經	3	法顯 譯	駒	6	駒	8
0115	佛說方等泥洹經	2	失譯人名附東晉錄	駒	9	駒	10
0116	大般泥洹經	6	法顯共覺賢 譯	食	1	食	6
0117	四童子三昧經	3	闍那崛多 譯	食	7	食	9
0118	佛垂般涅盤略說教誡經	1	鳩摩羅什 譯	食	10	食	10
0119	佛臨涅盤記法住經	1	玄奘 譯	食	10	食	10
0120	佛滅度後棺斂葬送經	1	失譯人名附西晉錄	食	10	食	10
0121	般泥洹後灌臘經	1	竺法護 譯	食	10	食	10
0122	金光明最勝王經	10	義淨 譯	場	1	場	10
0123	金光明經	4	曇無讖 譯	化	1	化	4
0124	等集眾德三昧經	3	竺法護 譯	化	5	化	7
0125	集一切福德三昧經	3	鳩摩羅什 譯	化	8	化	10
0126	合部金光明經	8	寶貴 對　志德 合入	被	1	被	8
0127	入定不定印經	1	義淨 譯	被	9	被	9
0128	不必定入定入印經	1	般若流支 譯	被	10	被	10
0129	無量義經	1	曇摩迦陀耶舍 譯	草	1	草	1
0130	妙法蓮華經	7	鳩摩羅什 譯	草	2	草	8
0131	法華三昧經	1	智嚴 譯	草	9	草	9
0132	薩曇芬陀利經	1	失譯人名附西晉錄	草	9	草	9
0133	妙法蓮華經觀世音菩薩普門品經	1	鳩摩羅什 等譯	草	10	草	10
0134	正法華經	10	竺法護 譯	木	1	木	10
0135	添品妙法蓮華經	8	闍那崛多共達摩笈多 添品譯	賴	1	賴	8
0136	分別緣起初勝法門經	上下合卷	玄奘 譯	賴	9	賴	9
0137	緣生初勝分法本經	上下合卷	達磨笈多 譯	賴	10	賴	10
0138	悲華經	10	曇無讖 譯	及	1	及	10
0139	六度集經	8	康僧會 譯	萬	1	萬	8
0140	大乘頂王經	1	月婆首那 譯	萬	9	萬	9
0141	大方等頂王經	1	竺法護 譯	萬	10	萬	10
0142	維摩詰所說經	3	鳩摩羅什 譯	方	1	方	3
0143	維摩詰經	3	支謙 等二譯	方	4	方	6
0144	道神足無極變化經	4	安法欽 譯	方	7	方	10
0145	說無垢稱經	6	玄奘 譯	蓋	1	蓋	6
0146	阿惟越致遮經	4	竺法護 譯	蓋	7	蓋	10
0147	佛說寶雨經	10	達磨流支 等譯	此	1	此	10
0148	佛說寶雲經	7	曼陀羅仙共僧伽婆羅 譯	身	1	身	7
0149	佛升忉利天為母說法經	3	竺法護 譯	身	8	身	10
0150	相續解脫地波羅蜜了義經	1	求那跋陀羅 譯	髮	1	髮	1
0152	佛說解節經	1	真諦 譯	髮	2	髮	2
0153	不退轉法輪經	4	失譯人名附北涼錄	髮	3	髮	6
0154	廣博嚴淨不退轉法輪經	4	智嚴共寶雲 譯	髮	7	髮	10
0155	方廣大莊嚴經	12	地婆訶羅 譯	四	1	大	2
0156	普曜經	8	竺法護 譯	大	3	大	10
0157	伅真陀羅所問寶如來三昧經	3	支婁迦讖 譯	五	1	五	3
0158	大樹緊那羅王所問經	4	鳩摩羅什 譯	五	4	五	7
0159	諸法本無經	3	闍那崛多 譯	五	8	五	10
0160	諸法無行經	2	鳩摩羅什 譯	常	1	常	2
0161	持人菩薩所問經	4	竺法護 譯	常	3	常	6
0162	持世經	4	鳩摩羅什 譯	常	7	常	10
0163	佛說大灌頂神咒經	12	帛尸梨蜜多羅 譯	恭	1	恭	6
0164	佛說文殊師利現寶藏經	2	竺法護 譯	恭	7	恭	8
0165	大方廣寶篋經	2	求那跋陀羅 譯	恭	9	恭	10
0166	佛說藥師如來本願經	1	達磨笈多 譯	惟	1	惟	1
0167	藥師琉璃光如來本願功德經	1	玄奘 譯	惟	2	惟	2
0168	藥師琉璃光七佛本願功德經	2	義淨 譯	惟	3	惟	4
0169	佛說阿闍世王經	2	支婁迦讖 譯	惟	5	惟	6
0170	楞伽阿跋多羅寶經	4	求那跋陀羅 譯	惟	7	惟	10
0171	入楞伽經	10	菩提留支 譯	鞠	1	鞠	10
0172	大乘入楞伽經	7	實叉難陀 譯	養	1	養	7
0173	菩薩行方便境界神通變化經	3	求那跋陀羅 譯	養	8	養	10
0174	大薩遮尼乾子受記經	10	菩提留支 譯	豈	1	豈	10
0175	大乘大悲分陀利經	8	失譯人名附秦錄	敢	1	敢	8
0176	善思童子經	2	闍那崛多 譯	敢	9	敢	10
0177	普超三昧經	4	竺法護 譯	毀	1	毀	3
0178	佛說放鉢經	1	失譯人名附西晉錄	毀	4	毀	4
0179	佛說大淨法門品經	1	竺法護 譯	毀	5	毀	5
0180	大莊嚴法門經	2	那連提黎耶舍 譯	毀	6	毀	7
0181	佛說大方等大雲請雨經	1	闍那崛多 等譯	毀	8	毀	8
0182	大雲請雨經	1	闍那耶舍 等譯	毀	9	毀	9
0183	大雲輪請雨經	2	那連提耶舍 譯	毀	10	毀	10
0184	勝思惟梵天所問經	6	菩提留支 譯	傷	1	傷	6
0185	思益梵天所問經	4	鳩摩羅什 譯	傷	7	傷	10
0186	月燈三昧經	11	那連提黎耶舍 譯	女	1	女	10
0187	月燈三昧經	1	先公 譯	慕	1	慕	1
0188	佛說象腋經	1	曇摩蜜多 譯	慕	1	慕	1
0190	佛說大乘同性經	2	闍那耶舍共僧安 譯	慕	2	慕	4
0191	佛說登證大乘經	2	地婆訶羅 等譯	慕	5	慕	6
0192	持心梵天所問經	4	竺法護 譯	慕	7	慕	10
0193	佛說觀無量壽佛經	1	畺良耶舍 譯	貞	1	貞	1
0194	稱贊淨土佛攝受經	1	玄奘 譯	貞	2	貞	2
0195	佛說阿彌陀經	1	鳩摩羅什 譯	貞	2	貞	2
0196	拔一切業障根本得生淨土神咒經	1	求那跋陀羅 重譯	貞	2	貞	2
0197	後出阿彌陀佛偈經	1	後漢失譯人名	貞	2	貞	2
0198	大阿彌陀經	2	支謙 譯	貞	3	貞	4
0199	佛說觀彌勒菩薩上生兜率陀天經	1	沮渠京聲 譯	貞	5	貞	5
0200	佛說彌勒下生經	1	鳩摩羅什 譯	貞	5	貞	5
0201	佛說彌勒來時經	1	失譯人名附東晉錄	貞	6	貞	6
0202	佛說彌勒下生成佛經	1	義淨 譯	貞	6	貞	6
0203	佛說觀彌勒菩薩下生經	1	竺法護 譯	貞	7	貞	7
0204	佛說彌勒成佛經	1	鳩摩羅什 譯	貞	7	貞	7
0205	佛說第一義法勝經	1	般若流支 譯	貞	8	貞	8
0206	佛說大威燈光仙人問疑經	1	闍那崛多 譯	貞	9	貞	9
0207	一切法高王經	1	般若流支 譯	貞	10	貞	10
0208	佛說諸法勇王經	1	曇摩蜜多 譯	潔	1	潔	1
0209	順權方便經	2	竺法護 譯	潔	2	潔	3
0210	佛說樂瓔珞莊嚴方便經	1	曇摩耶舍 譯	潔	4	潔	4
0211	菩薩睒子經	1	失譯人名附西晉錄	潔	5	潔	5
0212	佛說睒子經	1	聖堅 譯	潔	5	潔	5
0213	佛說九色鹿經	1	支謙 譯	潔	5	潔	5
0214	佛說太子沐魄經	1	竺法護 譯	潔	5	潔	5
0215	太子慕魄經	1	安世高 譯	潔	5	潔	5
0216	無字寶篋經	1	菩提留支 譯	潔	6	潔	6
0217	大乘離文字普光明藏經	1	地婆訶羅 譯	潔	6	潔	6
0218	大乘遍照光明藏無字法門經	1	地婆訶羅 譯	潔	6	潔	6
0219	佛說老女人經	1	支謙 譯	潔	6	潔	6
0220	佛說老母經	1	失譯人名附劉宋錄	潔	6	潔	6
0221	佛說老母女六英經	1	求那跋陀羅 譯	潔	6	潔	6
0222	佛說長者子製經	1	安世高 譯	潔	7	潔	7
0223	佛說菩薩逝經	1	白法祖 譯	潔	7	潔	7
0224	佛說逝童子經	1	支法度 譯	潔	7	潔	7
0225	佛說月光童子經	1	竺法護 譯	潔	7	潔	7
0226	佛說申日兒本經	1	求那跋陀羅 譯	潔	7	潔	7
0228	佛說犢子經	1	支謙 譯	潔	10	潔	10
0229	佛說乳光佛經	1	竺法護 譯	潔	10	潔	10
0230	佛說無垢賢女經	1	竺法護 譯	潔	10	潔	10
0231	佛說腹中女聽經	1	曇無讖 譯	潔	10	潔	10
0232	佛說轉女身經	1	曇摩蜜多 譯	男	1	男	1
0233	文殊師利問菩提經	1	鳩摩羅什 譯	男	2	男	2
0234	伽耶山頂經	1	菩提留支 譯	男	2	男	2
0235	佛說象頭精舍經	1	毗尼多流支 譯	男	3	男	3
0236	大乘伽耶山頂經	1	菩提流志 等譯	男	3	男	3
0237	佛說決定總持經	1	竺法護 譯	男	4	男	4
0238	佛說謗佛經	1	菩提留支 譯	男	4	男	4
0239	大方等大雲經	4	曇無讖 譯	男	5	男	8
0240	如來莊嚴智慧光明入一切佛境界經	2	曇摩流支 譯	男	9	男	10
0241	深密解脫經	5	菩提留支 譯	效	1	效	5
0242	解深密經	5	玄奘 譯	效	6	效	10
0243	佛說諫王經	1	沮渠京聲 譯	才	1	才	1
0244	如來示教勝軍王經	1	玄奘 譯	才	1	才	1
0245	佛為勝光天子說王法經	1	義淨 譯	才	1	才	1
0246	寶積三昧文殊師利菩薩問法身經	1	安世高 譯	才	1	才	1
0247	佛說濟諸方等學經	1	竺法護 譯	才	2	才	2
0248	大乘方廣總持經	1	毗尼多流支 譯	才	3	才	3
0249	太子須大拿經	1	聖堅 譯	才	4	才	4
0250	佛說如來智印經	1	失譯人名附劉宋錄	才	5	才	5
0251	佛說慧印三昧經	1	支謙 譯	才	6	才	6
0252	佛說無極寶三昧經	2	竺法護 譯	才	7	才	8
0253	寶如來三昧經	2	祇多蜜 譯	才	9	才	10
0254	無上依經	2	真諦 譯	良	1	良	2
0255	佛說未曾有經	1	失譯人名附後漢錄	良	3	良	3
0256	佛說甚希有經	1	玄奘 譯	良	3	良	3
0257	佛說如來師子吼經	1	佛陀扇多 譯	良	3	良	3
0258	佛說大方廣師子吼經	1	地婆訶羅 等譯	良	3	良	3
0259	佛說大乘百福相經	1	地婆訶羅 譯	良	4	良	4
0260	佛說大乘百福莊嚴相經	1	地婆訶羅 等譯	良	4	良	4
0261	佛說大乘四法經	1	地婆訶羅 譯	良	4	良	4
0262	佛說菩薩修行四法經	1	地婆訶羅 譯	良	4	良	4
0263	佛說希有校量功德經	1	闍那崛多 譯	良	4	良	4
0264	佛說最無比經	1	玄奘 譯	良	5	良	5
0265	佛說前世三轉經	1	法炬 譯	良	5	良	5
0266	佛說銀色女經	1	佛陀扇多 譯	良	6	良	6
0267	佛說阿闍世王受決經	1	法炬 譯	良	6	良	6
0268	采華違王上佛授決經	1	曇無蘭 譯	良	6	良	6
0269	佛說正恭敬經	1	佛陀扇多 譯	良	6	良	6
0270	佛說善恭敬經	1	闍那崛多 譯	良	7	良	7
0272	妙法決定業障經	1	智嚴 譯	良	7	良	7
0273	佛說貝多樹下思惟十二因緣經	1	支謙 譯	良	8	良	8
0274	佛說緣起聖道經	1	玄奘 譯	良	8	良	8
0275	佛說稻杆經	1	失譯人名附東晉錄	良	8	良	8
0276	佛說了本生死經	1	支謙 譯	良	9	良	9
0277	佛說自誓三昧經	1	安世高 譯	良	9	良	9
0278	如來獨證自誓三昧經	1	竺法護 譯	良	9	良	9
0279	佛說轉有經	1	佛陀扇多 譯	良	10	良	10
0280	大方等修多羅王經	1	菩提留支 譯	良	10	良	10
0281	佛說文殊師利巡行經	1	菩提留支 譯	良	10	良	10
0282	佛說文殊尸利行經	1	闍那崛多 譯	良	10	良	10
0284	佛說作佛形像經	1	失譯人名附後漢錄	知	2	知	2
0285	佛說造立形像福報經	1	失譯人名附東晉錄	知	2	知	2
0286	佛說灌佛經	1	法炬 譯	知	2	知	2
0287	佛說灌洗佛經	1	聖堅 譯	知	2	知	2
0288	佛說浴像功德經	1	寶思惟 譯	知	2	知	2
0289	浴像功德經	1	義淨 譯	知	2	知	2
0290	佛說校量數珠功德經	1	寶思惟 譯	知	2	知	2
0291	曼殊室利咒藏中校量數珠功德經	1	義淨 譯	知	2	知	2
0292	佛說龍施女經	1	支謙 譯	知	3	知	3
0293	佛說龍施菩薩本起經	1	竺法護 譯	知	3	知	3
0294	佛說八吉祥神咒經	1	支謙 譯	知	3	知	3
0295	佛說八陽神咒經	1	竺法護 譯	知	3	知	3
0296	佛說八吉祥經	1	僧伽婆羅 譯	知	3	知	3
0297	佛說八佛名號經	1	闍那崛多 譯	知	3	知	3
0298	佛說盂蘭盆經	1	竺法護 譯	知	3	知	3
0299	佛說報恩奉盆經	1	失譯人名附東晉錄	知	3	知	3
0300	佛說觀藥王藥上二菩薩經	1	良耶舍 譯	知	4	知	4
0301	佛說大孔雀咒王經	3	義淨 譯	知	5	知	7
0302	佛母大孔雀明王經	3	不空 譯	知	8	知	10
0303	佛說孔雀王咒經	2	僧伽婆羅 譯	過	1	過	2
0304	佛說大孔雀王神咒經	1	帛尸黎蜜多羅 譯	過	3	過	3
0305	佛說大孔雀王雜神咒經	1	帛尸黎蜜多羅 譯	過	3	過	3
0306	大金色孔雀王咒經	1	鳩摩羅什 譯	過	4	過	4
0307	佛說不空罥索咒經	1	闍那崛多 等譯	過	4	過	4
0308	不空罥索心咒王經	3	寶思惟 譯	過	5	過	6
0309	不空罥索陀羅尼經	2	李無諂 譯	過	7	過	8
0310	不空罥索咒心經	1	菩提流志 譯	過	9	過	9
0312	不空罥索神變真言經	30	菩提流志 譯	必	1	得	10
0313	千眼千臂觀世音菩薩陀羅尼神咒經		智通 譯	能	1	能	1
0314	千手千眼觀世音菩薩姥陀羅尼身經	1	菩提流志 譯	能	2	能	2
0315	千手千眼觀世音菩薩廣大圓滿無礙大悲心陀羅尼經	1	伽梵達摩 譯	能	3	能	3
0316	觀世音菩薩秘密藏神咒經	1	實叉難陀 譯	能	4	能	4
0317	觀世音菩薩如意摩尼陀羅尼經	1	寶思惟 譯	能	4	能	4
0318	觀自在菩薩如意心陀羅尼咒經	1	義淨 譯	能	4	能	4
0319	如意輪陀羅尼經	1	菩提流志 譯	能	5	能	5
0320	觀自在菩薩怛嚩多唎隨心陀羅尼經	1	智通 譯	能	6	能	6
0321	請觀世音菩薩消伏毒害陀羅尼咒經	1	竺難提 譯	能	7	能	7
0322	佛說十一面觀世音神咒經	1	耶舍崛多 等譯	能	7	能	7
0324	千轉陀羅尼觀世音菩薩咒經	1	智通 譯	能	8	能	8
0325	咒五首經	1	玄奘 譯	能	8	能	8
0326	六字神咒經	1	菩提流志 譯	能	8	能	8
0327	咒三首經	1	地婆訶羅 譯	能	8	能	8
0328	大方廣菩薩藏經中文殊師利根本一字陀羅尼法	1	寶思惟 譯	能	8	能	8
0329	曼殊室利菩薩咒藏中一字咒王經	1	義淨 譯	能	9	能	9
0330	十二佛名神咒校量功德除障滅罪經	1	闍那崛多 譯	能	9	能	9
0331	佛說稱贊如來功德神咒經	1	義淨 譯	能	9	能	9
0332	華積陀羅尼神咒經	1	支謙 譯	能	10	能	10
0333	師子奮迅菩薩所問經	1	失譯人名附東晉錄	能	10	能	10
0334	佛說華聚陀羅尼咒經	1	失譯人名附東晉錄	能	10	能	10
0335	六字咒王經	1	失譯人名附東晉錄	能	10	能	10
0336	六字神咒王經	1	失譯人名附梁錄	能	10	能	10
0337	梵女首意經	1	竺法護 譯	莫	1	莫	1
0338	有德女所問大乘經	1	菩提流志 譯	莫	1	莫	1
0339	佛說七俱胝佛母心大準提陀羅尼經	1	地婆訶羅 譯	莫	1	莫	1
0340	佛說七俱胝佛母準提大明陀羅尼經	1	金剛智 譯	莫	1	莫	1
0341	七俱胝佛母所說準提陀羅尼經	1	不空 譯	莫	2	莫	2
0342	種種雜咒經	1	闍那崛多 譯	莫	3	莫	3
0343	佛頂尊勝陀羅尼經	1	杜行顗 譯	莫	3	莫	3
0344	佛頂尊勝陀羅尼經	1	佛陀波利 譯	莫	4	莫	4
0345	佛說佛頂尊勝陀羅尼經	1	義淨 譯	莫	4	莫	4
0346	最勝佛頂陀羅尼經淨除業障經	1	地婆訶羅 譯	莫	5	莫	5
0347	佛頂最勝陀羅尼經	1	地婆訶羅 譯	莫	5	莫	5
0348	舍利弗陀羅尼經	1	僧伽婆羅 譯	莫	6	莫	6
0349	佛說無量門破魔陀羅尼經	1	功德直共音陽 譯	莫	6	莫	6
0350	佛說無量門微密持經	1	支謙 譯	莫	7	莫	7
0351	佛說出生無量門持經	1	佛陀跋陀羅 譯	莫	7	莫	7
0352	阿難陀目佉尼訶離陀鄰尼經	1	佛陀扇多 譯	莫	8	莫	8
0353	阿難陀目佉尼訶離陀經	1	求那跋陀羅 譯	莫	8	莫	8
0354	佛說一向出生菩薩經	1	闍那崛多 譯	莫	9	莫	9
0355	出生無邊門陀羅尼經	1	智嚴 譯	莫	10	莫	10
0356	勝幢臂印陀羅尼經	1	玄奘 譯	莫	10	莫	10
0357	妙臂印幢陀羅尼經	1	實叉難陀 譯	莫	10	莫	10
0358	佛說陀羅尼集經	13	阿地瞿多 譯	忘	1	罔	3
0359	佛說持句神咒經	1	支謙 譯	罔	4	罔	4
0360	佛說陀鄰尼鉢經	1	曇無蘭 譯	罔	4	罔	4
0362	如來方便善巧咒經	1	闍那崛多 譯	罔	4	罔	4
0363	虛空藏菩薩問七佛陀羅尼咒經	1	失譯人名附梁錄	罔	5	罔	5
0364	善法方便陀羅尼咒經	1	失譯人名附東晉錄	罔	6	罔	6
0365	金剛秘密善門陀羅尼經	1	失譯人名附東晉錄	罔	6	罔	6
0366	護命法門神咒經	1	菩提流志 譯	罔	6	罔	6
0367	金剛場陀羅尼經	1	闍那崛多 譯	罔	7	罔	7
0368	金剛上味陀羅尼經	1	佛陀扇多 譯	罔	8	罔	8
0369	佛說無崖際總持法門經	1	聖堅 譯	罔	9	罔	9
0370	尊勝菩薩所問一切諸法入無量法門陀羅尼經	1	萬天懿 譯	罔	10	罔	10
0371	十住斷結經	14	竺佛念 譯	談	1	彼	2
0372	菩薩道樹經	1	支謙 譯	彼	3	彼	3
0373	菩薩生地經	1	支謙 譯	彼	3	彼	3
0374	佛說孛經	1	支謙 譯	彼	4	彼	4
0375	無垢淨光大陀羅尼經	1	彌陀山 等譯	彼	5	彼	5
0376	成具光明定意經	1	支曜 譯	彼	6	彼	6
0378	諸德福田經	1	法立共法炬 譯	彼	9	彼	9
0379	大方等如來藏經	1	佛陀跋陀羅 譯	彼	9	彼	9
0380	佛說寶網經	1	竺法護 譯	彼	10	彼	10
0381	佛說內藏百寶經	1	支婁迦讖 譯	短	1	短	1
0382	佛說溫室洗浴眾僧經	1	安世高 譯	短	1	短	1
0383	佛說菩薩行五十緣身經	1	竺法護 譯	短	1	短	1
0384	佛說菩薩修行經	1	白法祖 譯	短	1	短	1
0385	佛說金色王經	1	般若流支 譯	短	2	短	2
0386	佛語法門經	1	菩提留支 譯	短	2	短	2
0387	佛說四不可得經	1	竺法護 譯	短	2	短	2
0388	須真天子經	2	竺法護 譯	短	3	短	4
0389	佛說觀普賢菩薩行法經	1	曇摩蜜多 譯	短	5	短	5
0390	觀世音菩薩得大勢菩薩受記經	1	曇無竭 譯	短	6	短	6
0391	不思議光菩薩所說經	1	鳩摩羅什 譯	短	7	短	7
0392	超日明三昧經	2	聶承遠 譯	短	8	短	9
0393	除恐灾患經	1	聖堅 譯	短	10	短	10
0394	佛說首楞嚴三昧經	3	鳩摩羅什 譯	靡	1	靡	3
0395	未曾有因緣經	2	曇景 譯	靡	4	靡	5
0396	諸佛要集經	2	竺法護 譯	靡	6	靡	7
0397	稱揚諸佛功德經	3	吉迦夜共曇曜 譯	靡	8	靡	10
0398	賢劫經	10	竺法護 譯	恃	1	恃	10
0399	佛說佛名經	12	菩提留支 譯	己	1	長	2
0400	過去莊嚴劫千佛名經	1	失譯人名附梁錄	長	3	長	3
0401	現在賢劫千佛名經	1	失譯人名附梁錄	長	4	長	4
0402	未來星宿劫千佛名經	1	失譯人名附梁錄	長	5	長	5
0403	佛說五千五百佛名神咒除障滅罪經	8	闍那崛多 等譯	長	6	長	10
0404	力莊嚴三昧經	3	那連提耶舍 譯	信	1	信	2
0405	佛說八部佛名經	1	般若流支 譯	信	2	信	2
0406	百佛名經	1	那連提耶舍 譯	信	2	信	2
0407	佛說不思議功德諸佛所護念經	2	闍那崛多 譯	信	3	信	4
0408	金剛三昧本性清淨不壞不滅經	1	失譯人名附三秦錄	信	5	信	5
0409	佛說師子月佛本生經	1	失譯人名附三秦錄	信	5	信	5
0410	演道俗業經	1	聖堅 譯	信	5	信	5
0411	佛說長者法志妻經	1	失譯人名附北涼錄	信	6	信	6
0412	佛說薩羅國經	1	失譯人名附東晉錄	信	6	信	6
0413	佛說十吉祥經	1	失譯人名附秦錄	信	6	信	6
0414	佛說長者女庵提遮師子吼了義經	1	失譯人名附梁錄	信	6	信	6
0415	佛說一切智光明仙人慈心因緣不食肉經	1	失譯人名附秦錄	信	6	信	6
0416	大方等陀羅尼經	4	法眾 譯	信	7	信	10
0417	大法炬陀羅尼經	20	闍那崛多 等譯	使	1	可	10
0419	觀察諸法行經	4	闍那崛多 等譯	器	7	器	10
0420	佛說華手經	10	鳩摩羅什 譯	欲	1	欲	10
0421	法集經	6	菩提留支 譯	難	1	難	6
0422	大方廣圓覺修多羅了義經	1	佛陀多羅 譯	難	7	難	7
0423	佛說施燈功德經	1	那連提黎耶舍 譯	難	8	難	8
0424	金剛三昧經	2	失譯人名附北涼錄	難	9	難	10
0425	觀佛三昧海經	10	佛陀跋陀羅 譯	量	1	量	10
0426	大方便佛報恩經	7	失譯人名附後漢錄	墨	1	墨	7
0427	菩薩本行經	3	失譯人名附東晉錄	墨	8	墨	10
0428	菩薩處胎經	5	竺佛念 譯	悲	1	悲	5
0429	央掘魔羅經	4	求那跋陀羅 譯	悲	6	悲	9
0430	菩薩內習六波羅蜜經	1	嚴佛調 譯	悲	10	悲	10
0431	菩薩投身飼餓虎起塔因緣經	1	法盛 譯	悲	10	悲	10
0432	三昧弘道廣顯定意經	4	竺法護 譯	絲	1	絲	4
0433	佛說明度五十校計經	2	安世高 譯	絲	5	絲	6
0434	無所有菩薩經	4	闍那崛多 等譯	絲	7	絲	10
0435	大法鼓經	2	求那跋陀羅 譯	染	1	染	2
0436	月上女經	2	闍那崛多 譯	染	3	染	4
0437	文殊師利問經	2	僧伽婆羅 譯	染	5	染	6
0438	大方廣如來秘密藏經		失譯人名附三秦錄	染	7	染	7
0439	大乘密嚴經	3	地波訶羅 譯	染	8	染	10
0440	菩薩瓔珞經	13	竺佛念 譯	詩	1	贊	10
0441	大佛頂如來密因修證了義諸菩薩萬行首楞嚴經	10	般剌密帝 譯	羔	1	羔	10
0442	七佛所說神咒經	4	失譯人名附東晉錄	羊	1	羊	4
0443	文殊師利寶藏陀羅尼經	1	菩提流志 譯	羊	5	羊	5
0444	僧伽吒經	4	月婆首那 譯	羊	6	羊	8
0445	出生菩提心經	1	闍那崛多 等譯	羊	9	羊	9
0446	佛說佛印三昧經	1	安世高 譯	羊	9	羊	9
0447	佛說十二頭陀經	1	求那跋陀羅 譯	羊	10	羊	10
0448	佛說樹提伽經	1	求那跋陀羅 譯	羊	10	羊	10
0449	佛說法常住經	1	失譯人名附西晉錄	羊	10	羊	10
0450	佛說長壽王經	1	失譯人名附西晉錄	羊	10	羊	10
0451	佛說海龍王經	4	竺法護 譯	景	1	景	4
0452	佛為海龍王說法印經	1	義淨 譯	景	5	景	5
0453	佛說右繞佛塔功德經	1	實叉難陀 譯	景	5	景	5
0454	佛說妙色王因緣經	1	義淨 譯	景	5	景	5
0455	師子素馱娑王斷肉經	1	智嚴 譯	景	5	景	5
0456	佛說差摩婆帝受記經	1	菩提留支 譯	景	5	景	5
0457	佛說師子莊嚴王菩薩請問經	1	那提 譯	景	5	景	5
0458	中陰經	2	竺佛念 譯	景	6	景	7
0459	占察善惡業報經		菩提登 譯	景	8	景	8
0460	佛說蓮華面經		那連提耶舍 譯	景	9	景	9
0461	佛說三品弟子經	1	支謙 譯	景	10	景	10
0462	佛說四輩經	1	竺法護 譯	景	10	景	10
0463	佛說當來變經	1	竺法護 譯	景	10	景	10
0464	過去佛分衛經	1	竺法護 譯	景	10	景	10
0466	佛說甚深大回向經	1	失譯人名附劉宋錄	景	10	景	10
0467	天王太子辟羅經	1	失譯人名附秦錄	景	10	景	10
0468	大吉義神咒經	2	曇曜 譯	行	1	行	2
0469	阿吒婆拘鬼神大將上佛陀羅尼經	1	失譯人名附梁錄	行	3	行	3
0470	佛說大普賢陀羅尼經	1	失譯人名附梁錄	行	3	行	3
0471	佛說大七寶陀羅尼經	1	失譯人名附梁錄	行	3	行	3
0472	六字大陀羅尼咒經	1	失譯人名附梁錄	行	3	行	3
0473	佛說安宅神咒經	1	失譯人名附後漢錄	行	3	行	3
0474	幻師颰陀神咒經	1	曇無蘭 譯	行	3	行	3
0475	佛說辟除賊害咒經	1	失譯人名附東晉錄	行	3	行	3
0476	佛說咒時氣病經	1	曇無蘭 譯	行	3	行	3
0477	佛說咒齒經	1	曇無蘭 譯	行	3	行	3
0478	佛說咒目經	1	曇無蘭 譯	行	3	行	3
0479	佛說咒小兒經	1	曇無蘭 譯	行	3	行	3
0480	阿彌陀鼓音聲王陀羅尼經	1	失譯人名附梁錄	行	3	行	3
0481	佛說摩尼羅亶經	1	曇無蘭 譯	行	3	行	3
0482	佛說檀持羅麻油述經	1	曇無蘭 譯	行	3	行	3
0483	佛說護諸童子陀羅尼咒經	1	菩提留支 譯	行	4	行	4
0484	諸佛心陀羅尼經	1	玄奘 譯	行	4	行	4
0485	拔濟苦難陀羅尼經	1	玄奘 譯	行	4	行	4
0486	八名普密陀羅尼經	1	玄奘 譯	行	4	行	4
0487	佛說持世陀羅尼經	1	玄奘 譯	行	4	行	4
0488	佛說六門陀羅尼經	1	玄奘 譯	行	4	行	4
0489	清淨觀世音菩薩普賢陀羅尼經	1	智通 譯	行	4	行	4
0490	諸佛集會陀羅尼經	1	提雲般若 等譯	行	5	行	5
0491	佛說智炬陀羅尼經	1	提雲般若 等譯	行	5	行	5
0492	佛說隨求即得大自在陀羅尼神咒經	1	寶思惟 譯	行	5	行	5
0493	佛說一切法功德莊嚴王經	1	義淨 譯	行	6	行	6
0494	佛說拔除罪障咒王經	1	義淨 譯	行	6	行	6
0495	佛說善夜經	1	義淨 譯	行	6	行	6
0496	佛說虛空藏菩薩能滿諸願最勝心陀羅尼求聞持法	1	輸波迦羅 譯	行	6	行	6
0497	佛說佛地經	1	玄奘 譯	行	7	行	7
0498	百千印陀羅尼經	1	實叉難陀 譯	行	7	行	7
0499	莊嚴王陀羅尼咒經	1	義淨 譯	行	7	行	7
0500	香王菩薩陀羅尼咒經	1	義淨 譯	行	7	行	7
0501	優婆夷淨行法門經	2	失譯人名附北涼錄	行	8	行	9
0502	諸法最上王經	1	闍那崛多 等譯	行	10	行	10
0503	文殊師利般涅盤經	1	聶道真 譯	維	1	維	1
0504	[巳/廾]出菩薩本起經	1	聶道真 譯	維	1	維	1
0505	佛說賢首經	1	聖堅 譯	維	2	維	2
0506	千佛因緣經	1	鳩摩羅什 譯	維	2	維	2
0508	佛說月明菩薩經	1	支謙 譯	維	3	維	3
0509	佛說心明經	1	竺法護 譯	維	3	維	3
0510	佛說滅十方冥經	1	竺法護 譯	維	3	維	3
0511	佛說鹿母經	1	竺法護 譯	維	3	維	3
0512	佛說魔逆經	1	竺法護 譯	維	4	維	4
0513	佛說賴吒和羅所問德光太子經	1	竺法護 譯	維	5	維	5
0514	商主天子所問經	1	闍那崛多 等譯	維	6	維	6
0515	大乘四法經	1	實叉難陀 譯	維	7	維	7
0516	離垢慧菩薩所問禮佛法經	1	那提 譯	維	7	維	7
0517	寂照神變三摩地經	1	玄奘 譯	維	8	維	8
0518	佛說造塔功德經	1	地婆訶羅 譯	維	9	維	9
0519	佛說不增不減經	1	菩提留支 譯	維	9	維	9
0520	佛說堅固女經	1	那連提耶舍 譯	維	9	維	9
0521	佛說大乘流轉諸有經	1	義淨 譯	維	9	維	9
0522	佛說大意經	1	求那跋陀羅 譯	維	9	維	9
0523	受持七佛名號所生功德經	1	玄奘 譯	維	9	維	9
0524	金剛光焰止風雨陀羅尼經	1	菩提流志 譯	維	10	維	10
0525	大毗盧遮那成佛神變加持經	7	輸波迦羅共一行 譯	賢	1	賢	7
0526	蘇婆呼童子經	3	輸波迦羅共一行 譯	賢	8	賢	10
0527	一字佛頂輪王經	6	菩提流志 譯	克	1	克	6
0528	蘇悉地羯羅經	3	輸波迦羅 譯	克	7	克	10
0529	金剛頂瑜伽中略出念誦經	4	金剛智 譯	念	1	念	4
0530	廣大寶樓閣善住秘密陀羅尼經	3	菩提流志 譯	念	5	念	6
0531	牟梨曼陀羅咒經	2	失譯人名附梁錄	念	7	念	8
0532	金剛頂經曼殊室利菩薩五字心陀羅尼品	1	金剛智 譯	念	9	念	9
0533	觀自在如意輪菩薩瑜伽法要	1	金剛智 譯	念	9	念	9
0534	佛說救面然餓鬼陀羅尼神咒經	1	實叉難陀 譯	念	10	念	10
0535	佛說甘露經陀羅尼	1	實叉難陀 譯	念	10	念	10
0536	佛說大陀羅尼末法中一字心咒經	1	寶思惟 譯	念	10	念	10
0537	中阿含經	60	僧伽提婆 譯	作	1	立	10
0539	雜阿含經	50	求那跋陀羅 譯	谷	1	堂	10
0540	佛說長阿含經	22	佛陀耶舍共竺佛念 譯	習	1	禍	2
0541	別譯雜阿含經	20	失譯人名附秦錄	禍	3	因	8
0542	雜阿含經	1	失譯人名附吳魏二錄	因	9	因	9
0543	長阿含十報法經	1	安世高 譯	因	10	因	10
0544	起世因本經	10	達摩笈多 等譯	惡	1	惡	10
0545	起世經	10	闍那崛多 等譯	積	1	積	10
0546	佛說樓炭經	6	法立共法炬 譯	福	1	福	6
0547	佛說般泥洹經	2	白法祖 譯	福	7	福	8
0548	佛說人本欲生經	1	安世高 譯	福	9	福	9
0549	佛說梵網六十二見經	1	支謙 譯	福	10	福	10
0550	佛說尸迦羅越六方禮經	1	安世高 譯	福	10	福	10
0551	中本起經	2	曇果共康孟詳 譯	緣	1	緣	2
0552	佛說七知經	1	支謙 譯	緣	3	緣	3
0553	佛說咸水喻經	1	失譯人名附西晉錄	緣	3	緣	3
0554	佛說一切流攝守因經	1	安世高 譯	緣	3	緣	3
0555	佛說閻羅王五天使者經	1	慧簡 譯	緣	3	緣	3
0556	佛說鐵城泥黎經	1	曇無蘭 譯	緣	3	緣	3
0557	佛說古來世時經	1	失譯人名附東晉錄	緣	3	緣	3
0558	佛說阿那律八念經	1	支曜 譯	緣	4	緣	4
0559	佛說離睡經	1	竺法護 譯	緣	4	緣	4
0560	佛說是法非法經	1	安世高 譯	緣	4	緣	4
0561	佛說樂想經	1	竺法護 譯	緣	4	緣	4
0562	佛說漏分布經	1	安世高 譯	緣	4	緣	4
0563	佛說阿耨颰經	1	曇無蘭 譯	緣	4	緣	4
0564	佛說求欲經	1	法炬 譯	緣	5	緣	5
0565	佛說受歲經	1	竺法護 譯	緣	5	緣	5
0566	佛說梵志計水淨經	1	失譯人名附東晉錄	緣	5	緣	5
0567	佛說伏淫經	1	法炬 譯	緣	6	緣	6
0568	佛說魔嬈亂經	1	失譯人名附後漢錄	緣	6	緣	6
0569	佛說弊魔試目連經	1	支謙 譯	緣	6	緣	6
0570	佛說泥犁經	1	曇無蘭 譯	緣	7	緣	7
0571	佛說優婆夷墮舍迦經	1	失譯人名附劉宋錄	緣	7	緣	7
0573	佛說苦陰經	1	失譯人名附後漢錄	緣	8	緣	8
0574	佛說苦陰因事經	1	法炬 譯	緣	8	緣	8
0575	佛說釋摩男本經	1	支謙 譯	緣	8	緣	8
0576	佛說鞞摩肅經	1	求那跋陀羅 譯	緣	9	緣	9
0577	佛說婆羅門子命終愛念不離經	1	安世高 譯	緣	9	緣	9
0578	佛說十支居士八城人經	1	安世高 譯	緣	9	緣	9
0579	佛說邪見經	1	失譯人名附劉宋錄	緣	9	緣	9
0580	佛說箭喻經	1	失譯人名附東晉錄	緣	9	緣	9
0581	佛說普法義經	1	安世高 譯	緣	9	緣	9
0582	佛說廣義法門經	1	真諦 譯	緣	10	緣	10
0583	佛說戒德香經	1	曇無蘭 譯	緣	10	緣	10
0584	佛說四人出現世間經	1	求那跋陀羅 譯	緣	10	緣	10
0585	佛說諸法本經	1	支謙 譯	緣	10	緣	10
0586	佛說瞿曇彌記果經	1	慧簡 譯	緣	10	緣	10
0587	佛說梵志阿颰經	1	支謙 譯	善	1	善	1
0588	佛說寂志果經	1	曇無蘭 譯	善	2	善	2
0589	佛說賴吒和羅經	1	支謙 譯	善	3	善	3
0590	佛說善生子經	1	支法度 譯	善	3	善	3
0591	佛說數經	1	法炬 譯	善	3	善	3
0592	佛說梵志頞波羅延問種尊經	1	曇無蘭 譯	善	3	善	3
0593	佛說四諦經	1	安世高 譯	善	4	善	4
0594	佛說恒水經	1	法炬 譯	善	4	善	4
0595	佛說瞻婆比丘經	1	法炬 譯	善	4	善	4
0596	佛說本相倚致經	1	安世高 譯	善	4	善	4
0597	佛說緣本致經	1	失譯人名附東晉錄	善	4	善	4
0598	佛說頂生王故事經	1	法炬 譯	善	4	善	4
0599	佛說文陀竭王經	1	曇無讖 譯	善	4	善	4
0600	三歸五戒慈心厭離功德經	1	失譯人名附東晉錄	善	5	善	5
0601	佛說須達經	1	求那毗地 譯	善	5	善	5
0602	佛為黃竹園老婆羅門說學經	1	失譯人名附劉宋錄	善	5	善	5
0603	佛說梵魔喻經	1	支謙 譯	善	5	善	5
0604	佛說尊上經	1	竺法護 譯	善	6	善	6
0605	佛說鸚鵡經	1	求那跋陀羅 譯	善	6	善	6
0606	佛說兜調經	1	失譯人名附西晉錄	善	6	善	6
0607	佛說意經	1	竺法護 譯	善	6	善	6
0608	佛說應法經	1	竺法護 譯	善	6	善	6
0609	佛說波斯匿王太後崩塵土坌身經	1	法炬 譯	善	7	善	7
0610	須摩提女經	1	支謙 譯	善	7	善	7
0611	佛說三摩竭經	1	竺律炎 譯	善	8	善	8
0613	食施獲五福報經	1	失譯人名附東晉錄	善	8	善	8
0614	頻毗娑羅王詣佛供養經	1	法炬 譯	善	8	善	8
0615	佛說長者子六過出家經	1	慧簡 譯	善	8	善	8
0616	佛說鴦崛摩經	1	竺法護 譯	善	8	善	8
0617	佛說鴦崛髻經	1	法炬 譯	善	9	善	9
0618	佛說力士移山經	1	竺法護 譯	善	9	善	9
0619	佛說四未曾有法經	1	竺法護 譯	善	9	善	9
0620	佛說舍利弗目犍連游四衢經	1	康孟詳 譯	善	9	善	9
0621	七佛父母姓字經	1	失譯人名附曹魏錄	善	10	善	10
0622	佛說放牛經	1	鳩摩羅什 譯	善	10	善	10
0623	緣起經	1	玄奘 譯	善	10	善	10
0624	佛說十一想思念如來經	1	求那跋陀羅 譯	善	10	善	10
0625	佛說四泥犁經	1	曇無蘭 譯	善	10	善	10
0626	舍衛國王夢見十事經	1	失譯人名附西晉錄	善	10	善	10
0627	佛說國王不黎先尼十夢經	1	曇無蘭 譯	善	10	善	10
0628	阿難同學經	1	安世高 譯	善	10	善	10
0629	五蘊皆空經	1	義淨 譯	善	10	善	10
0630	阿難問事佛吉凶經	1	安世高 譯	慶	1	慶	1
0631	慢法經	1	法炬 譯	慶	1	慶	1
0633	五母子經	1	支謙 譯	慶	1	慶	1
0634	沙彌羅經	1	失譯人名	慶	2	慶	2
0635	玉耶經	1	曇無蘭 譯	慶	2	慶	2
0636	玉耶女經	1	失譯人名附西晉錄	慶	2	慶	2
0637	阿遫達經	1	求那跋陀羅 譯	慶	2	慶	2
0638	摩登女經	1	安世高 譯	慶	2	慶	2
0639	摩登女解形中六事經	1	失譯人名附東晉錄	慶	2	慶	2
0640	摩登伽經	3	竺律炎共支謙 譯	慶	3	慶	4
0641	舍頭諫經	1	竺法護 譯	慶	5	慶	5
0642	治禪病秘要經	2	沮渠京聲 譯	慶	6	慶	7
0643	佛說七處三觀經		安世高 譯	慶	8	慶	8
0644	阿那邠邸化七子經	1	安世高 譯	慶	9	慶	9
0645	佛說大愛道般涅盤經	1	白法祖 譯	慶	9	慶	9
0646	佛母般泥洹經	1	慧簡 譯	慶	9	慶	9
0648	五陰譬喻經	1	安世高 譯	慶	10	慶	10
0649	佛說水沫所漂經	1	曇無蘭 譯	慶	10	慶	10
0650	佛說不自守意經	1	支謙 譯	慶	10	慶	10
0651	佛說滿願子經	1	失譯人名附東晉錄	慶	10	慶	10
0652	轉法輪經	1	安世高 譯	慶	10	慶	10
0653	佛說三轉法輪經	1	義淨 譯	慶	10	慶	10
0654	佛說八正道經	1	安世高 譯	慶	10	慶	10
0655	難提釋經	1	法炬 譯	慶	10	慶	10
0656	佛說馬有三相經	1	支曜 譯	慶	10	慶	10
0657	佛說馬有八態譬人經	1	支曜 譯	慶	10	慶	10
0658	佛說相應相可經	1	法炬 譯	慶	10	慶	10
0659	修行本起經	2	竺大力共康孟詳 譯	尺	1	尺	2
0660	太子瑞應本起經	2	支謙 譯	尺	3	尺	4
0661	過去現在因果經	4	求那跋陀羅 譯	尺	5	尺	8
0662	佛說奈女耆域因緣經	1	安世高 譯	尺	9	尺	9
0663	佛說奈女耆婆經	1	安世高 譯	尺	10	尺	10
0664	佛說生經	5	竺法護 譯	璧	1	璧	5
0665	萍沙王五願經	1	支謙 譯	璧	6	璧	6
0666	琉璃王經	1	竺法護 譯	璧	6	璧	6
0667	佛說海八德經	1	鳩摩羅什 譯	璧	6	璧	6
0668	佛說法海經	1	法炬 譯	璧	6	璧	6
0669	佛說義足經	2	支謙 譯	璧	7	璧	8
0670	鬼問目連經	1	安世高 譯	璧	9	璧	9
0671	雜藏經	1	法顯 譯	璧	9	璧	9
0672	餓鬼報應經	1	失譯人名附東晉錄	璧	9	璧	9
0673	佛說四十二章經	1	後漢迦葉摩騰共竺法蘭 譯　宋真宗 注	璧	10	璧	10
0674	正法念處經	70	般若流支 譯	非	1	資	10
0676	佛說大安般守意經	2	安世高 譯	敬	1	敬	2
0677	佛說罵意經	1	安世高 譯	敬	3	敬	3
0678	禪行法想經	1	安世高 譯	敬	3	敬	3
0679	佛說處處經	1	安世高 譯	敬	4	敬	4
0680	佛說分別善惡所起經	1	安世高 譯	敬	5	敬	5
0681	佛說出家緣經	1	安世高 譯	敬	6	敬	6
0682	佛說阿含正行經	1	安世高 譯	敬	6	敬	6
0683	佛說十八泥犁經	1	安世高 譯	敬	6	敬	6
0684	佛說法受塵經	1	安世高 譯	敬	6	敬	6
0685	佛說進學經	1	沮渠京聲 譯	敬	6	敬	6
0686	佛說得道梯登錫杖經	1	失譯人名附東晉錄	敬	6	敬	6
0687	佛說貧窮老公經	1	慧簡 譯	敬	6	敬	6
0688	須摩提長者經	1	支謙 譯	敬	7	敬	7
0689	長者懊惱三處經	1	安世高 譯	敬	7	敬	7
0690	犍陀國王經	1	安世高 譯	敬	7	敬	7
0691	阿難四事經	1	支謙 譯	敬	7	敬	7
0692	分別經	1	竺法護 譯	敬	8	敬	8
0693	未生怨經	1	支謙 譯	敬	8	敬	8
0694	四願經	1	支謙 譯	敬	8	敬	8
0695	猘狗經	1	支謙 譯	敬	8	敬	8
0696	八關齋經	1	沮渠京聲 譯	敬	9	敬	9
0697	孝子經	1	失譯人名附西晉錄	敬	9	敬	9
0698	黑氏梵志經	1	支謙 譯	敬	9	敬	9
0699	阿鳩留經	1	失譯人名附後漢錄	敬	9	敬	9
0700	佛為阿支羅迦葉自化作苦經	1	失譯人名	敬	9	敬	9
0701	佛說罪業報應教化地獄經	1	安世高 譯	敬	9	敬	9
0703	佛說長者音悅經	1	支謙 譯	敬	9	敬	9
0704	佛說七女經	1	支謙 譯	敬	10	敬	10
0705	佛說八師經	1	支謙 譯	敬	10	敬	10
0706	佛說越難經	1	聶承遠 譯	敬	10	敬	10
0707	佛說所欲致患經	1	竺法護 譯	敬	10	敬	10
0708	阿闍世王問五逆經	1	法炬 譯	敬	10	敬	10
0709	本事經	7	玄奘 譯	孝	1	孝	7
0710	佛說中心經	1	曇無蘭 譯	孝	8	孝	8
0711	佛說見正經	1	曇無蘭 充譯	孝	8	孝	8
0712	佛說大魚事經	1	曇無蘭 譯	孝	8	孝	8
0713	佛說阿難七夢經	1	曇無蘭 譯	孝	8	孝	8
0714	佛說呵雕阿那含經	1	曇無蘭 譯	孝	8	孝	8
0715	佛說燈指因緣經	1	鳩摩羅什 譯	孝	8	孝	8
0716	佛說婦人遇辜經	1	聖堅 譯	孝	9	孝	9
0717	佛說四天王經	1	智嚴共寶雲 譯	孝	9	孝	9
0718	佛說摩訶迦葉度貧母經	1	求那跋陀羅 譯	孝	9	孝	9
0719	佛說禪行三十七品經	1	安世高 譯	孝	9	孝	9
0720	比丘避女惡名欲自殺經	1	法炬 譯	孝	9	孝	9
0721	佛說身觀經	1	竺法護 譯	孝	9	孝	9
0722	佛說無常經	1	義淨 譯	孝	9	孝	9
0723	佛說八無暇有暇經	1	義淨 譯	孝	9	孝	9
0724	五百弟子自說本起經	1	竺法護 譯	孝	10	孝	10
0725	佛說五苦章句經	1	曇無蘭 譯	當	1	當	1
0726	佛說堅意經	1	安世高 譯	當	1	當	1
0727	佛說淨飯王般涅盤經	1	沮渠京聲 譯	當	1	當	1
0728	佛說興起行經	2	康孟詳 譯	當	2	當	3
0729	長爪梵志請問經	1	義淨 譯	當	4	當	4
0730	佛說譬喻經	1	義淨 譯	當	4	當	4
0731	佛說比丘聽施經	1	曇無蘭 譯	當	4	當	4
0732	佛說略教誡經	1	義淨 譯	當	4	當	4
0733	佛說療痔病經	1	義淨 譯	當	4	當	4
0735	佛說十二品生死經	1	求那跋陀羅 譯	當	5	當	5
0736	佛說輪轉五道罪福報應經	1	求那跋陀羅 譯	當	5	當	5
0737	佛說五無返復經	1	沮渠京聲 譯	當	5	當	5
0738	佛說佛大僧大經	1	沮渠京聲 譯	當	5	當	5
0739	佛說大迦葉本經	1	竺法護 譯	當	6	當	6
0740	佛說四自侵經	1	竺法護 譯	當	6	當	6
0741	佛說羅雲忍辱經	1	法炬 譯	當	6	當	6
0742	佛為年少比丘說正事經	1	法炬 譯	當	6	當	6
0743	佛說沙曷比丘功德經	1	法炬 譯	當	6	當	6
0744	佛說時非時經	1	若羅嚴 譯	當	6	當	6
0745	佛說自愛經	1	曇無蘭 譯	當	6	當	6
0746	佛說賢者五福德經	1	白法祖 譯	當	7	當	7
0748	佛說護淨經	1	失譯人名附東晉錄	當	7	當	7
0749	佛說木槵經	1	失譯人名附東晉錄	當	7	當	7
0750	佛說無上處經	1	失譯人名附東晉錄	當	7	當	7
0751	盧至長者因緣經	1	失譯人名附東晉錄	當	7	當	7
0752	佛說普達王經	1	失譯人名附西晉錄	當	8	當	8
0753	佛說鬼子母經	1	失譯人名附西晉錄	當	8	當	8
0754	佛說梵摩難國王經	1	失譯人名附西晉錄	當	8	當	8
0755	佛說孫多耶致經	1	支謙 譯	當	8	當	8
0756	佛說父母恩重難報經	1	安世高 譯	當	8	當	8
0757	佛說新歲經	1	曇無蘭 譯	當	8	當	8
0758	佛說群牛譬經	1	法炬 譯	當	8	當	8
0759	佛說九橫經	1	安世高 譯	當	8	當	8
0760	佛說五恐怖世經	1	沮渠京聲 譯	當	9	當	9
0761	佛說弟子死復生經	1	沮渠京聲 譯	當	9	當	9
0762	佛說懈怠耕者經	1	沮渠京聲 譯	當	9	當	9
0763	佛說辯意長者子所問經	1	法場 譯	當	9	當	9
0764	無垢優婆夷問經	1	般若流支 譯	當	9	當	9
0765	佛說耶祇經	1	沮渠京聲 譯	當	10	當	10
0766	佛說末羅王經	1	沮渠京聲 譯	當	10	當	10
0768	佛說旃陀越國王經	1	沮渠京聲 譯	當	10	當	10
0769	佛說五王經	1	失譯人名附東晉錄	當	10	當	10
0770	佛說出家功德經	1	失譯人名附三秦錄	當	10	當	10
0771	佛說栴檀樹經	1	失譯人名附後漢錄	當	10	當	10
0772	佛說頞多和多耆經	1	失譯人名附西晉錄	當	10	當	10
0773	禪秘要法經	3	鳩摩羅什 等譯	竭	1	竭	3
0774	陰持入經		安世高 譯	竭	4	竭	4
0775	佛說因緣僧護經	1	失譯人名附東晉錄	竭	5	竭	5
0776	佛說大乘莊嚴寶王經	4	天息灾 譯	竭	6	竭	9
0777	分別善惡報應經		天息灾 譯	竭	10	竭	10
0778	佛說守護大千國王經	3	施護 譯	力	1	力	3
0779	大方廣總持寶光明經	5	法天 譯	力	4	力	8
0780	佛說大乘聖無量壽決定光明王如來陀羅尼經	1	法天 譯	力	9	力	9
0781	佛說大乘聖吉祥持世陀羅尼經	1	法天 譯	力	9	力	9
0782	佛說大乘日子王所問經	1	法天 譯	力	10	力	10
0783	佛說金耀童子經	1	天息灾 譯	力	10	力	10
0784	佛頂放無垢光明入普門觀察一切如來心陀羅尼經		施護 譯	忠	1	忠	1
0785	佛說樓閣正法甘露鼓經	1	天息灾 譯	忠	1	忠	1
0786	佛說大乘善見變化文殊師利問法經	1	天息灾 譯	忠	1	忠	1
0787	聖虛空藏菩薩陀羅尼經	1	法天 譯	忠	2	忠	2
0788	佛說大護明大陀羅尼經	1	法天 譯	忠	2	忠	2
0789	佛說無能勝幡王如來莊嚴陀羅尼經	1	施護 譯	忠	3	忠	3
0790	最勝佛頂陀羅尼經	1	法天 譯	忠	3	忠	3
0791	聖佛母小字般若波羅蜜多經	1	天息灾 譯	忠	3	忠	3
0792	消除一切閃電障難隨求如意陀羅尼經	1	施護 譯	忠	3	忠	3
0793	聖最上燈明如來陀羅尼經	1	施護 譯	忠	3	忠	3
0794	大寒林聖難拿陀羅尼經	1	法天 譯	忠	4	忠	4
0795	佛說諸行有為經	1	法天 譯	忠	4	忠	4
0796	息除中夭陀羅尼經	1	施護 譯	忠	4	忠	4
0797	一切如來正法秘密篋印心陀羅尼經	1	施護 譯	忠	4	忠	4
0798	妙法聖念處經	8	法天 譯	忠	5	忠	8
0800	嗟襪曩法天子受三歸依獲免惡道經	1	法天 譯	則	1	則	1
0801	佛說較量壽命經	1	天息灾 譯	則	1	則	1
0802	佛說沙彌十戒儀則經	1	施護 譯	則	2	則	2
0803	佛說聖持世陀羅尼經	1	施護 譯	則	2	則	2
0804	佛說布施經	1	法天 譯	則	2	則	2
0805	佛說聖曜母陀羅尼經	1	法天 譯	則	2	則	2
0806	法集名數經	1	施護 譯	則	3	則	3
0807	聖多羅菩薩一百八名陀羅尼經	1	法天 譯	則	3	則	3
0808	十二緣生祥瑞經		施護 譯	則	4	則	4
0809	贊揚聖德多羅菩薩一百八名經	1	天息灾 譯	則	5	則	5
0810	聖觀自在菩薩一百八名經	1	天息灾 譯	則	5	則	5
0811	佛說目連所問經	1	法天 譯	則	5	則	5
0812	外道問聖大乘法無我義經	1	法天 譯	則	5	則	5
0813	毗俱胝菩薩一百八名經	1	法天 譯	則	5	則	5
0814	勝軍化世百喻伽陀經	1	天息灾 譯	則	6	則	6
0815	六道伽陀經	1	法天 譯	則	6	則	6
0816	妙臂菩薩所問經	4	法天 譯	則	7	則	8
0817	佛說苾刍五法經	1	法天 譯	則	9	則	9
0818	佛說苾刍迦尸迦十法經	1	法天 譯	則	9	則	9
0819	諸佛心印陀羅尼經	1	法天 譯	則	9	則	9
0820	大乘寶月童子問法經	1	施護 譯	則	9	則	9
0821	佛說蓮華眼陀羅尼經	1	施護 譯	則	9	則	9
0822	佛說觀想佛母般若波羅蜜多菩薩經	1	天息灾 譯	則	9	則	9
0823	佛說如意摩尼陀羅尼經	1	施護 譯	則	9	則	9
0824	佛說聖大總持王經	1	施護 譯	則	10	則	10
0825	佛說最上意陀羅尼經	1	施護 譯	則	10	則	10
0826	佛說持明藏八大總持王經	1	施護 譯	則	10	則	10
0827	聖無能勝金剛火陀羅尼經	1	法天 譯	則	10	則	10
0828	佛說尊勝大明正經	1	施護 譯	則	10	則	10
0829	佛說智光滅一切業障陀羅尼經	1	施護 譯	則	10	則	10
0831	佛說大自在天子因地經	1	施護 譯	盡	1	盡	1
0832	佛說寶生陀羅尼經	1	施護 譯	盡	1	盡	1
0833	佛說十號經	1	天息灾 譯	盡	1	盡	1
0834	佛為娑伽羅龍王所說大乘法經	1	施護 譯	盡	1	盡	1
0835	佛說普賢菩薩陀羅尼經	1	法天 譯	盡	2	盡	2
0836	大金剛妙高山樓閣陀羅尼經	1	施護 譯	盡	2	盡	2
0837	廣大蓮華莊嚴曼拿羅滅一切罪陀羅尼經	1	施護 譯	盡	2	盡	2
0838	佛說大摩里支菩薩經	7	天息灾 譯	盡	3	盡	6
0839	佛說末利支提婆華鬘經	1	不空 譯	盡	7	盡	7
0840	佛說摩利支天經	1	不空 譯	盡	7	盡	7
0841	佛說摩利支天陀羅尼咒經	1	失譯人名附梁錄	盡	8	盡	8
0842	佛說長者施報經	1	法天 譯	盡	8	盡	8
0843	佛說毗沙門天王經	1	法天 譯	盡	8	盡	8
0844	毗婆尸佛經		法天 譯	盡	9	盡	9
0845	佛說大三摩惹經	1	法天 譯	盡	10	盡	10
0846	佛說月光菩薩經	1	法天 譯	盡	10	盡	10
0847	佛說普賢曼拿羅經	1	施護 譯	盡	10	盡	10
0848	佛說聖莊嚴陀羅尼經		施護 譯	命	1	命	1
0849	佛說聖六字大明王陀羅尼經	1	施護 譯	命	1	命	1
0850	千轉大明陀羅尼經	1	施護 譯	命	1	命	1
0851	佛說華積樓閣陀羅尼經	1	施護 譯	命	1	命	1
0852	佛說勝幡瓔珞陀羅尼經	1	施護 譯	命	1	命	1
0854	佛說七佛經	1	法天 譯	命	9	命	9
0855	佛說解憂經	1	法天 譯	命	9	命	9
0856	佛說遍照般若波羅蜜經	1	施護 譯	命	9	命	9
0857	佛說大乘無量壽莊嚴經		法賢 譯	命	10	命	10
0858	佛母寶德藏般若波羅蜜經		法賢 譯	臨	1	臨	1
0859	佛說帝釋般若波羅蜜多心經	1	施護 譯	臨	2	臨	2
0860	佛說諸佛經	1	施護 譯	臨	2	臨	2
0861	大乘舍黎娑擔摩經	1	施護 譯	臨	2	臨	2
0862	佛說大金剛香陀羅尼經	1	施護 譯	臨	2	臨	2
0863	最上大乘金剛大教寶王經		法天 譯	臨	3	臨	3
0864	佛說薩鉢多酥哩逾捺野經	1	法賢 譯	臨	4	臨	4
0865	佛說一切如來烏瑟膩沙最勝總持經	1	法天 譯	臨	4	臨	4
0866	菩提心觀釋	1	法天 譯	臨	4	臨	4
0867	佛說護國尊者所問大乘經	4	施護 譯	臨	5	臨	6
0868	佛說四無所畏經	1	施護 譯	臨	7	臨	7
0869	增慧陀羅尼經	1	施護 譯	臨	7	臨	7
0870	聖六字增壽大明陀羅尼經	1	施護 譯	臨	7	臨	7
0871	佛說大乘戒經	1	施護 譯	臨	7	臨	7
0872	佛說聖最勝陀羅尼經	1	施護 譯	臨	7	臨	7
0873	佛說五十頌聖般若波羅蜜經	1	施護 譯	臨	7	臨	7
0874	大乘八大曼拿羅經	1	法賢 譯	臨	7	臨	7
0875	佛說較量一切佛剎功德經	1	法賢 譯	臨	7	臨	7
0876	囉嚩拿說救療小兒疾病經	1	法賢 譯	臨	7	臨	7
0877	迦葉仙人說醫女人經	1	法賢 譯	臨	7	臨	7
0878	佛說俱枳羅陀羅尼經	1	法賢 譯	臨	8	臨	8
0880	佛說妙色陀羅尼經	1	法賢 譯	臨	8	臨	8
0881	佛說栴檀香身陀羅尼經	1	法賢 譯	臨	8	臨	8
0882	佛說鉢蘭那賒嚩哩大陀羅尼經	1	法賢 譯	臨	8	臨	8
0883	佛說宿命智陀羅尼經	1	法賢 譯	臨	8	臨	8
0884	佛說慈氏菩薩誓願陀羅尼經	1	法賢 譯	臨	8	臨	8
0885	佛說滅除五逆罪大陀羅尼經	1	法賢 譯	臨	8	臨	8
0886	佛說無量功德陀羅尼經	1	法賢 譯	臨	8	臨	8
0887	佛說十八臂陀羅尼經	1	法賢 譯	臨	8	臨	8
0888	佛說洛叉陀羅尼經	1	法賢 譯	臨	8	臨	8
0889	佛說辟除諸惡陀羅尼經	1	法賢 譯	臨	8	臨	8
0890	佛說大愛陀羅尼經	1	法賢 譯	臨	9	臨	9
0891	佛說阿羅漢具德經	1	法賢 譯	臨	9	臨	9
0892	佛說八大靈塔名號經	1	法賢 譯	臨	9	臨	9
0893	佛說尊那經	1	法賢 譯	臨	9	臨	9
0895	佛說人仙經	1	法賢 譯	臨	10	臨	10
0896	佛說舊城喻經	1	法賢 譯	臨	10	臨	10
0897	佛說信解智力經	1	法賢 譯	臨	10	臨	10
0898	大正句王經		法賢 譯	深	1	深	1
0899	佛說善樂長者經	1	法賢 譯	深	2	深	2
0900	佛說聖多羅菩薩經	1	法賢 譯	深	2	深	2
0901	佛說大吉祥陀羅尼經	1	法賢 譯	深	2	深	2
0902	寶賢陀羅尼經	1	法賢 譯	深	2	深	2
0903	佛說秘密八名陀羅尼經	1	法賢 譯	深	2	深	2
0904	觀自在菩薩母陀羅尼經	1	法賢 譯	深	2	深	2
0905	佛說戒香經	1	法賢 譯	深	2	深	2
0906	佛說妙吉祥菩薩陀羅尼	1	法賢 譯	深	3	深	3
0907	佛說無量壽大智陀羅尼	1	法賢 譯	深	3	深	3
0908	佛說宿命陀羅尼	1	法賢 譯	深	3	深	3
0909	佛說慈氏菩薩陀羅尼	1	法賢 譯	深	3	深	3
0910	佛說虛空藏菩薩陀羅尼	1	法賢 譯	深	3	深	3
0911	寶授菩薩菩提行經	1	法賢 譯	深	3	深	3
0912	佛說延壽妙門陀羅尼經	1	法賢 譯	深	4	深	4
0913	一切如來名號陀羅尼經	1	法賢 譯	深	4	深	4
0914	佛說息除賊難陀羅尼經	1	法賢 譯	深	4	深	4
0915	佛說法身經	1	法賢 譯	深	4	深	4
0916	信佛功德經	1	法賢 譯	深	4	深	4
0917	佛說解夏經	1	法賢 譯	深	5	深	5
0918	佛說帝釋所問經	1	法賢 譯	深	5	深	5
0919	佛說未曾有正法經	6	法天 譯	深	6	深	8
0920	佛說大方廣善巧方便經	4	施護 譯	深	9	深	10
0921	佛母出生三法藏般若波羅密多經	25	施護 譯	履	1	薄	4
0922	佛說決定義經	1	法賢 譯	薄	5	薄	5
0923	佛說護國經	1	法賢 譯	薄	5	薄	5
0924	佛說分別布施經	1	施護 譯	薄	6	薄	6
0925	佛說分別緣生經	1	法天 譯	薄	6	薄	6
0926	佛說法印經	1	施護 譯	薄	6	薄	6
0927	佛說大生義經	1	施護 譯	薄	6	薄	6
0928	佛說發菩提心破諸魔經		施護 譯	薄	7	薄	7
0929	佛說聖佛母般若波羅蜜多經	1	施護 譯	薄	7	薄	7
0931	佛說給孤獨長者女得度因緣經		施護 譯	薄	9	薄	9
0932	佛說大集法門經		施護 譯	薄	10	薄	10
0933	佛說光明童子因緣經	4	施護 譯	夙	1	夙	2
0934	佛說寶帶陀羅尼經	1	施護 譯	夙	3	夙	3
0935	佛說金身陀羅尼經	1	施護 譯	夙	3	夙	3
0936	佛說入無分別法門經	1	施護 譯	夙	3	夙	3
0937	佛說淨意憂婆塞所問經	1	施護 譯	夙	3	夙	3
0938	佛說金剛場莊嚴般若波羅蜜多教中一分	1	施護 譯	夙	4	夙	4
0939	佛說息諍因緣經	1	施護 譯	夙	4	夙	4
0940	佛說初分說經		施護 譯	夙	5	夙	5
0942	佛說月喻經	1	施護 譯	夙	6	夙	6
0943	佛說醫喻經	1	施護 譯	夙	6	夙	6
0944	佛說灌頂王喻經	1	施護 譯	夙	6	夙	6
0945	佛說尼拘陀梵志經		施護 譯	夙	7	夙	7
0946	佛說白衣金幢二婆羅門緣起經		施護 譯	夙	8	夙	8
0947	佛說福力太子因緣經		施護 譯	夙	9	夙	9
0948	佛說身毛喜[堅-土/立]經		惟淨 等譯	夙	10	夙	10
0949	大乘本生心地觀經	8	般若 等譯	興	1	興	8
0950	佛說出生無邊門陀羅尼經	1	不空 譯	興	9	興	9
0951	一切如來心秘密全身舍利寶篋印陀羅尼經	1	不空 譯	興	9	興	9
0952	佛說大吉祥天女十二名號經	1	不空 譯	興	9	興	9
0953	佛說大吉祥天女十二契一百八名無垢大乘經	1	不空 譯	興	9	興	9
0954	佛說一切如來金剛壽命陀羅尼經	1	金剛智共智藏 譯	興	9	興	9
0955	佛說穰麌梨童女經	1	不空 譯	興	10	興	10
0956	佛說雨寶陀羅尼經	1	不空 譯	興	10	興	10
0957	慈氏菩薩所說大乘緣生稻杆喻經	1	不空 譯	興	10	興	10
0958	佛說除蓋障菩薩所問經	20	惟淨共法護 譯	溫	1	溫	8
0959	仁王護國般若波羅蜜多經	2	不空 譯	溫	9	溫	10
0960	穢迹金剛說神通大滿陀羅尼法術靈要門經	1	無能勝 譯	清	1	清	1
0961	穢迹金剛法禁百變法門經	1	阿質達霰 譯	清	1	清	1
0962	佛說大乘大方廣佛冠經		法護 等譯	清	1	清	1
0963	佛說八種長養功德經	1	法護 等譯	清	1	清	1
0964	大雲輪請雨經		不空 譯	清	2	清	2
0966	佛說大集會正法經	5	施護 譯	清	6	清	9
0967	葉衣觀自在菩薩經	1	不空 譯	清	10	清	10
0968	毗沙門天王經	1	不空 譯	清	10	清	10
0969	文殊問經字母品	1	不空 譯	清	10	清	10
0970	海意菩薩所問淨印法門經	9	惟淨共法護 譯	似	1	似	9
0971	佛說如幻三摩地無量印法門經		施護 等譯	似	10	似	10
0972	守護國界主陀羅尼經	10	般若 等譯	蘭	1	蘭	10
0973	佛說三十五佛名禮懺文	1	不空 譯	斯	1	斯	1
0974	觀自在菩薩說普賢陀羅尼經	1	不空 譯	斯	1	斯	1
0975	佛說八大菩薩曼荼羅經	1	不空 譯	斯	1	斯	1
0976	佛說能淨一切眼疾病陀羅尼經	1	不空 譯	斯	1	斯	1
0977	佛說除一切疾病陀羅尼經	1	不空 譯	斯	1	斯	1
0978	佛說救拔焰口餓鬼陀羅尼經	1	不空 譯	斯	1	斯	1
0979	瑜伽集要救阿難陀羅尼焰口儀軌經	1	不空 譯	斯	2	斯	2
0980	佛說蟻喻經	1	施護 譯	斯	3	斯	3
0981	聖觀自在菩薩不空王秘密心陀羅尼經	1	施護 等譯	斯	3	斯	3
0982	佛說勝軍王所問經	1	施護 譯	斯	4	斯	4
0983	佛說輪王七寶經	1	施護 譯	斯	4	斯	4
0984	佛說園生樹經	1	施護 譯	斯	4	斯	4
0985	佛說了義般若波羅蜜多經	1	施護 譯	斯	4	斯	4
0986	佛說大方廣未曾有經善巧方便品	1	施護 譯	斯	4	斯	4
0987	佛說大堅固婆羅門緣起經		施護 等譯	斯	5	斯	5
0989	佛說妙吉祥菩薩所問大乘法螺經	1	法賢 譯	斯	7	斯	7
0990	佛說四品法門經	1	法賢 譯	斯	7	斯	7
0991	佛說八大菩薩經	1	法賢 譯	斯	7	斯	7
0992	佛說施一切無畏陀羅尼經	1	法護 譯	斯	7	斯	7
0993	聖八千頌般若波羅蜜多一百八名真實圓義陀羅尼經	1	施護 等譯	斯	7	斯	7
0994	佛說一髻尊陀羅尼經	1	不空 譯	斯	8	斯	8
0995	金剛摧碎陀羅尼	1	慈賢 譯	斯	8	斯	8
0996	不空罥索毗盧遮那佛大灌頂真言經	1	不空 譯	斯	8	斯	8
0997	地藏菩薩本願經	2	實叉難陀 譯	斯	9	斯	10
0998	大乘理趣六波羅蜜多經	10	般若 譯	馨	1	馨	10
0999	佛說大乘菩薩藏正法經	40	施護 等譯	如	1	松	10
1000	佛為優填王說王法政論經	1	不空 譯	之	1	之	1
1001	佛說五大施經	1	施護 等譯	之	1	之	1
1002	佛說無畏陀羅尼經	1	法賢 譯	之	1	之	1
1003	佛說大威德金輪佛頂熾盛光如來消除一切灾難陀羅尼經	1	失譯人名附唐錄	之	1	之	1
1004	佛說熾盛光大威德消灾吉祥陀羅尼經	1	不空 譯	之	1	之	1
1005	佛說頂生王因緣經	6	施護 譯	之	2	之	3
1006	佛說大乘隨轉宣說諸法經		紹德 等譯	之	4	之	4
1007	佛說大乘入諸佛境界智光明莊嚴經	5	惟淨共法護 譯	之	5	之	6
1008	佛說大乘智印經	5	智吉祥 等譯	之	7	之	8
1009	佛說法乘義決定經		總持 等譯	之	9	之	9
1010	佛說大白傘蓋總持陀羅尼經	1	真智 等譯	之	10	之	10
1011	佛說一切如來真實攝大乘現證三昧大教王經	30	施護 譯	盛	1	川	7
1012	一切如來大秘密王未曾有最上微妙大曼拿羅經	5	天息灾 譯	川	8	川	10
1013	出生一切如來法眼遍照大力明王經		法護 譯	流	1	流	1
1014	金剛頂一切如來真實攝大乘現證大教王經	3	不空 譯	流	2	流	4
1015	阿唎多羅陀羅尼阿嚕力經	1	不空 譯	流	5	流	5
1016	佛說瑜伽大教王經	5	法賢 譯	流	6	流	10
1017	一字奇特佛頂經	3	不空 譯	不	1	不	3
1018	菩提場所說一字頂輪王經	5	不空 譯	不	4	不	8
1019	菩提場莊嚴陀羅尼經	1	不空 譯	不	9	不	9
1020	佛說秘密相經		施護 等譯	不	10	不	10
1021	佛說一切如來金剛三業最上秘密大教王經	7	施護 譯	息	1	息	7
1022	大寶廣博樓閣善住秘密陀羅尼經	3	不空 譯	息	8	息	10
1024	佛說無二平等最上瑜伽大教王經	6	施護 譯	淵	5	淵	7
1025	佛說金剛手菩薩降伏一切部多大教王經	3	法天 譯	淵	8	淵	10
1026	聖妙吉祥真實名經	1	智慧 譯	澄	1	澄	1
1027	金剛頂瑜伽理趣般若經	1	金剛智 譯	澄	2	澄	2
1028	大樂金剛不空真實三耶般若波羅蜜多理趣經	1	不空 譯	澄	2	澄	2
1029	佛說佛母般若波羅蜜多大明觀想儀軌經	1	施護 譯	澄	2	澄	2
1030	金剛頂瑜伽念珠經	1	不空 譯	澄	2	澄	2
1031	佛說最上根本大樂金剛不空三昧大教王經	7	法賢 譯	澄	3	澄	9
1032	佛說最上秘密那拿天經		法賢 譯	澄	10	澄	10
1033	金剛峰樓閣一切瑜伽瑜祗經	2	金剛智 譯	取	1	取	2
1034	佛說妙吉祥最勝根本大教經	3	法賢 譯	取	3	取	4
1035	妙吉祥平等秘密最上觀門大教王經	5	慈賢 譯	取	5	取	8
1036	普遍光明焰鬘清淨熾盛如意寶印心無能勝大明王大隨求陀羅尼經	2	不空 譯	取	9	取	10
1037	佛說如來不思議秘密大乘經	20	惟淨法護 等譯	映	1	映	10
1039	佛說聖寶藏神儀軌經		法天 譯	止	1	止	1
1040	佛說寶藏神大明曼拿羅儀軌經		法天 譯	止	2	止	2
1041	金剛恐怖集會方廣軌儀觀自在菩薩三世最勝心明王經	1	不空 譯	止	3	止	3
1042	金剛恐怖集會方廣軌儀觀自在菩薩三世最勝心明王大威力烏樞瑟摩明王經	3	阿質達霰 譯	止	4	止	6
1043	佛說大乘觀想曼拿羅淨諸惡趣經		法賢 譯	止	7	止	7
1044	佛說大方廣曼殊室利經觀自在多羅菩薩儀軌經	1	不空 譯	止	8	止	8
1045	佛說一切佛攝相應大教王經聖觀自在菩薩念誦儀軌經	1	法賢 譯	止	8	止	8
1046	瑜伽金剛頂經釋字母品	1	不空 譯	止	9	止	9
1047	佛說一切如來安像三昧儀軌經	1	施護 譯	止	9	止	9
1048	文殊師利菩薩根本大教王金翅鳥王品	1	不空 譯	止	9	止	9
1049	十一面觀自在菩薩心密言念誦儀軌經		不空 譯	止	10	止	10
1050	大方廣菩薩藏文殊師利根本儀軌經	20	天息灾 譯	若	1	若	10
1051	佛說持明藏瑜伽大教尊那菩薩大明成就儀軌經	4	法賢 譯	思	1	思	2
1052	佛說金剛香菩薩大明成就儀軌經	3	施護 譯	思	3	思	4
1053	金剛薩埵說頻那夜迦天成就儀軌經	4	法賢 譯	思	5	思	6
1054	佛說大悲空智金剛大教王儀軌經	5	法護 譯	思	7	思	9
1055	佛說幻化網瑜伽教十忿怒明王大明觀想儀軌經	1	法賢 譯	思	10	思	10
1056	佛說妙吉祥瑜伽大教金剛陪羅嚩輪觀想成就儀軌經	1	法賢 譯	言	1	言	1
1057	底哩三昧耶經不動尊威怒王使者念誦法	1	不空 譯	言	2	言	2
1058	聖迦柅忿怒金剛童子菩薩成就儀軌經	3	不空 譯	言	3	言	4
1059	七佛贊唄伽陀	1	法天 譯	言	5	言	5
1060	佛三身贊	1	法賢 譯	言	5	言	5
1061	佛一百八名贊經	1	法天 譯	言	5	言	5
1062	聖救度佛母二十一種禮贊經	1	安藏 譯	言	5	言	5
1063	佛說一切如來頂輪王一百八名贊經	1	施護 譯	言	5	言	5
1064	贊法界頌	1	施護 譯	言	6	言	6
1065	八大靈塔梵贊	1	法賢 譯	言	6	言	6
1066	三身梵贊	1	法賢 譯	言	6	言	6
1067	佛說文殊師利一百八名梵贊	1	法天 譯	言	6	言	6
1068	曼殊室利菩薩吉祥伽陀	1	法賢 譯	言	6	言	6
1069	聖金剛手菩薩一百八名梵贊	1	法賢 譯	言	6	言	6
1071	贊觀世音菩薩頌	1	慧智 譯	言	7	言	7
1072	佛說聖觀自在菩薩梵贊	1	法天 譯	言	7	言	7
1073	聖多羅菩薩梵贊	1	施護 譯	言	7	言	7
1074	事師法五十頌	1	日稱 譯	言	7	言	7
1075	犍椎梵贊	1	法天 譯	言	7	言	7
1076	佛說菩薩內戒經	1	求那跋摩 譯	言	8	言	8
1077	菩薩優婆塞五戒威儀經	1	求那跋摩 譯	言	9	言	9
1078	佛說文殊師利淨律經	1	竺法護 譯	言	10	言	10
1079	菩薩善戒經	10	求那跋摩 等譯	辭	1	辭	10
1080	菩薩地持經	8	曇無讖 譯	安	1	安	8
1081	佛說梵網經	2	鳩摩羅什 譯	安	9	安	10
1082	優婆塞戒經	7	曇無讖 譯	定	1	定	7
1083	寂調音所問經	1	法海 譯	定	8	定	8
1084	大乘三聚懺悔經	1	闍那崛多 等譯	定	9	定	9
1085	佛說文殊悔過經	1	竺法護 譯	定	10	定	10
1086	菩薩瓔珞本業經	2	竺佛念 譯	篤	1	篤	2
1087	佛說受十善戒經	1	失譯人名附後漢錄	篤	3	篤	3
1088	佛說淨業障經	1	失譯人名附秦錄	篤	4	篤	4
1089	佛藏經	4	鳩摩羅什 譯	篤	5	篤	8
1090	菩薩戒本經	1	曇無讖 譯	篤	9	篤	9
1091	菩薩戒羯磨文	1	玄奘 譯	篤	9	篤	9
1092	菩薩戒本	1	玄奘 譯	篤	10	篤	10
1093	佛說法律三昧經	1	支謙 譯	初	1	初	1
1094	佛說十善業道經	1	實叉難陀 譯	初	1	初	1
1095	清淨毗尼方廣經	1	鳩摩羅什 譯	初	2	初	2
1096	菩薩五法懺悔經	1	失譯人名附梁錄	初	3	初	3
1097	菩薩藏經	1	僧伽婆羅 譯	初	3	初	3
1098	三曼陀颰陀羅菩薩經	1	聶道真 譯	初	4	初	4
1099	菩薩受齋經	1	聶道真 譯	初	4	初	4
1100	舍利弗悔過經	1	安世高 譯	初	4	初	4
1101	佛阿毗曇經	2	真諦 譯	初	5	初	6
1102	解脫戒本經	1	般若流支 譯	初	7	初	7
1103	優波離問經	1	求那跋摩 譯	初	8	初	8
1104	根本說一切有部戒經	1	義淨 譯	初	9	初	9
1105	佛說迦葉禁戒經	1	沮渠京聲 譯	初	10	初	10
1106	佛說犯戒罪輕重經	1	安世高 譯	初	10	初	10
1107	佛說戒消灾經	1	支謙 譯	初	10	初	10
1108	佛說優婆塞五戒相經	1	求那跋摩 譯	初	10	初	10
1109	十誦律	58	鳩摩羅什 譯	誠	1	榮	5
1110	尼羯磨	5	懷素 集	榮	6	榮	10
1112	根本說一切有部毗奈耶	50	義淨 譯	竟	1	仕	10
1113	摩訶僧祇律	46	佛陀跋陀羅共法顯 譯	攝	1	存	6
1114	曇無德部四分律刪補隨機羯磨	4	道宣 撰	存	7	存	10
1115	根本說一切有部毗奈耶雜事	40	義淨 譯	以	1	去	10
1116	彌沙塞部五分律	30	佛陀什共竺道生 譯	而	1	咏	10
1117	根本說一切有部毗奈耶破僧事	20	義淨 譯	樂	1	殊	10
1118	根本說一切有部苾刍尼毗奈耶	20	義淨 譯	貴	1	賤	10
1119	善見毗婆沙律	18	僧伽跋陀羅 譯	禮	1	別	8
1120	大比丘三千威儀	2	安世高 譯	別	9	別	10
1121	根本薩婆多部律攝	14	義淨 譯	尊	1	卑	4
1122	四分僧羯磨	5	懷素 集	卑	5	卑	9
1123	四分比丘尼羯磨法	1	求那跋摩 譯	卑	10	卑	10
1124	戒因緣經	10	竺佛念 譯	上	1	上	10
1125	根本說一切有部百一羯磨	10	義淨 譯	和	1	和	10
1126	薩婆多部毗尼摩得勒伽	10	僧伽跋摩 譯	下	1	下	10
1127	根本說一切有部尼陀那	5	義淨 譯	睦	1	睦	5
1128	根本說一切有部目得迦	5	義淨 譯	睦	6	睦	10
1129	薩婆多毗尼毗婆沙	8	失譯人名附秦錄	夫	1	夫	8
1130	續薩婆多毗尼毗婆沙	1	失譯人名附秦錄	夫	9	夫	9
1131	根本說一切有部出家授近圓羯磨儀軌	1	拔合思巴 集	夫	10	夫	10
1132	毗尼母論	8	失譯人名附秦錄	唱	1	唱	8
1133	律二十二明了論	1	真諦 譯	唱	9	唱	9
1134	根本說一切有部毗奈耶尼陀那目得迦攝頌	1	義淨 譯	唱	10	唱	10
1135	根本說一切有部毗奈耶雜事攝頌	1	義淨 譯	唱	10	唱	10
1136	普賢菩薩行願贊	1	不空 譯	唱	10	唱	10
1137	根本說一切有部毗奈耶頌	4	義淨 譯	婦	1	婦	4
1138	十誦律毗尼序	3	卑摩羅叉 譯	婦	5	婦	7
1139	沙彌十戒法并威儀	1	失譯人名附東晉錄	婦	8	婦	8
1140	羯磨	2	曇諦 集譯	婦	9	婦	10
1141	佛說大愛道比丘尼經	2	失譯人名附北涼錄	隨	1	隨	2
1142	佛說目連問戒律中五百輕重事經	2	失譯人名附東晉錄	隨	3	隨	4
1143	根本說一切有部苾刍尼戒經	2	義淨 譯	隨	5	隨	6
1144	比丘尼僧祇律波羅提木叉戒經	1	法顯共覺賢 譯	隨	7	隨	7
1145	沙彌尼戒經	1	失譯人名附後漢錄	隨	8	隨	8
1146	舍利弗問經	1	失譯人名附東晉錄	隨	8	隨	8
1147	彌沙塞羯磨本	2	愛同 錄	隨	9	隨	10
1148	四分戒本	2	懷素 集	外	1	外	2
1149	四分比丘尼戒本	2	懷素 依律集出	外	3	外	4
1150	五分戒本	1	佛陀什 譯	外	5	外	5
1151	五分比丘尼戒本	1	明徽 集	外	6	外	6
1152	波羅提木叉僧祇戒本	1	佛陀跋陀羅 譯	外	7	外	7
1153	十誦律比丘戒本	1	鳩摩羅什 譯	外	8	外	8
1154	十誦律比丘尼戒本	1	法穎 集出	外	9	外	9
1156	曇無德律部雜羯磨	2	康僧鎧 譯集	受	1	受	2
1157	沙彌威儀	1	求那跋摩 譯	受	3	受	3
1158	沙彌尼離戒文	1	失譯人名附東晉錄	受	3	受	3
1159	十誦羯磨比丘要用	1	僧璩 依律撰出	受	4	受	4
1160	金剛般若波羅蜜經論	3	達摩笈多 譯	受	5	受	7
1161	金剛般若波羅蜜經論	3	菩提留支 譯	受	8	受	10
1162	大智度論	100	鳩摩羅什 譯	傅	1	叔	10
1163	瑜伽師地論	100	玄奘 譯	猶	1	氣	10
1164	攝大乘論釋	48	真諦 等四譯	連	1	投	8
1165	無相思塵論	1	真諦 譯	投	9	投	9
1166	觀所緣緣論	1	玄奘 譯	投	9	投	9
1167	觀所緣緣論釋	1	義淨 譯	投	9	投	9
1168	大乘廣五蘊論	1	地婆訶羅 譯	投	10	投	10
1169	大乘五蘊論	1	玄奘 譯	投	10	投	10
1170	顯揚聖教論	20	玄奘 譯	分	1	初	10
1171	大乘阿毗達磨雜集論	16	玄奘 譯	磨	1	箴	6
1172	中論	4	鳩摩羅什 譯	箴	7	箴	10
1173	十住毗婆沙論	15	鳩摩羅什 譯	規	1	仁	5
1174	菩提資糧論	6	達摩笈多 譯	仁	6	仁	10
1175	大莊嚴經論	15	鳩摩羅什 譯	慈	1	隱	5
1176b	攝大乘論	2	佛陀扇多 譯	隱	9	隱	10
1177	般若燈論	15	波羅頗迦羅蜜多羅 譯	惻	1	造	5
1178	十二門論	1	鳩摩羅什 譯	造	6	造	6
1179	十八空論	1	真諦 譯	造	7	造	7
1180	百論	2	鳩摩羅什 譯	造	8	造	9
1181	廣百論本	1	玄奘 譯	造	10	造	10
1182	大乘莊嚴經論	13	波羅頗迦羅蜜多羅 譯	次	1	弗	3
1183	文殊師利菩薩問菩提經論	2	菩提留支 譯	弗	4	弗	5
1184	金剛般若波羅蜜經破取著不壞假名論	2	地婆訶羅 譯	弗	6	弗	7
1185	勝思惟梵天所問經論	3	菩提留支 譯	弗	8	弗	10
1186	十地經論	12	菩提留支 譯	離	1	節	2
1187	佛地經論	7	玄奘 譯	節	3	節	9
1188	三具足經優波提舍	1	毗目智仙 等譯	節	10	節	10
1190	廣百論釋論	10	玄奘 譯	廉	1	廉	10
1191	大乘阿毗達磨集論	7	玄奘 譯	退	1	退	7
1192	王法正理論	1	玄奘 譯	退	8	退	8
1193	瑜伽師地論釋	1	玄奘 譯	退	9	退	9
1194	顯揚聖教論頌	1	玄奘 譯	退	10	退	10
1195	彌勒菩薩所問經論	7	菩提留支 譯	顛	1	顛	7
1196	無量壽經優波提舍	1	菩提留支 譯	顛	8	顛	8
1197	轉法輪經優波提舍	1	毗目智仙 等譯	顛	8	顛	8
1198	大般涅盤經論	1	達磨菩提 譯	顛	9	顛	9
1199	涅盤經本有今無偈論	1	真諦 譯	顛	9	顛	9
1200	能斷金剛般若波羅蜜多經論頌	1	義淨 譯	顛	9	顛	9
1201	遺教經論	1	真諦 譯	顛	10	顛	10
1202	成唯識寶生論	4	義淨 譯	沛	1	沛	4
1203	十二因緣論	1	菩提流支 譯	沛	5	沛	5
1204	壹輸盧迦論	1	般若流支 譯	沛	5	沛	5
1205	大乘百法明門論	1	玄奘 譯	沛	5	沛	5
1206	轉識論	1	真諦 譯	沛	5	沛	5
1207	唯識三十論	1	玄奘 譯	沛	6	沛	6
1208	因明入正理論	1	玄奘 譯	沛	6	沛	6
1209	顯識論	1	真諦 譯	沛	6	沛	6
1210	發菩提心論	2	鳩摩羅什 譯	沛	7	沛	8
1211	三無性論	2	真諦 譯	沛	9	沛	10
1212	佛性論	4	真諦 譯	匪	1	匪	4
1213	大乘成業論	1	玄奘 譯	匪	5	匪	5
1214	業成就論	1	毗目智仙 譯	匪	6	匪	6
1215	因明正理門論	1	義淨 譯	匪	7	匪	7
1216	因明正理門論本	1	玄奘 譯	匪	8	匪	8
1217	止觀門論頌	1	義淨 譯	匪	9	匪	9
1218	手杖論	1	義淨 譯	匪	9	匪	9
1219	緣生論	1	達摩笈多 譯	匪	9	匪	9
1220	取因假設論	1	義淨 譯	匪	10	匪	10
1222	六門教授習定論	1	義淨 譯	匪	10	匪	10
1223	能斷金剛般若波羅蜜多經論釋	2	義淨 譯	虧	1	虧	2
1224	略明般若末後一頌贊	1	義淨 術	虧	2	虧	2
1225	妙法蓮華經優波提舍	2	菩提留支共曇林 等譯	虧	3	虧	4
1226	妙法蓮華經論優波提舍	2	勒那摩提共僧朗 譯	虧	5	虧	6
1227	大寶積經論	4	菩提留支 譯	虧	7	虧	10
1228	決定藏論	3	真諦 譯	性	1	性	3
1229	究竟一乘寶性論	5	勒那摩提 譯	性	4	性	8
1230	大乘掌珍論	2	玄奘 譯	性	9	性	10
1231	大乘楞伽經唯識論	1	菩提流支 譯	靜	1	靜	1
1232	大乘唯識論	1	真諦 譯	靜	2	靜	2
1233	唯識二十論	1	玄奘 譯	靜	2	靜	2
1234	寶髻經四法優波提舍	1	毗目智仙 等譯	靜	3	靜	3
1235	大丈夫論	2	道泰 譯	靜	4	靜	5
1236	入大乘論	2	道泰 譯	靜	6	靜	7
1237	辯中邊論	3	玄奘 譯	靜	8	靜	10
1238	辯中邊論頌	1	玄奘 譯	靜	10	靜	10
1239	順中論	2	般若流支 譯	情	1	情	2
1240	攝大乘論本	3	玄奘 譯	情	3	情	5
1241	中邊分別論	2	真諦 譯	情	6	情	7
1242	大乘起信論	3	唐實叉難陀梁真諦二譯	情	8	情	10
1244	如實論	1	真諦 譯	逸	2	逸	2
1245	寶行王正論	1	真諦 譯	逸	3	逸	3
1246	百字論	1	菩提流支 譯	逸	4	逸	4
1247	解拳論	1	真諦 譯	逸	4	逸	4
1248	掌中論	1	義淨 譯	逸	4	逸	4
1249	方便心論	1	吉迦夜共曇曜 譯	逸	5	逸	5
1250	大乘法界無差別論	1	提雲般若 等譯	逸	6	逸	6
1251	提婆菩薩破楞伽經中外道小乘四宗論	1	菩提流支 譯	逸	6	逸	6
1252	提婆菩薩釋楞伽經中外道小乘涅盤論	1	菩提流支 譯	逸	6	逸	6
1253	四諦論	4	真諦 譯	逸	7	逸	9
1254	辟支佛因緣論	1	失譯人名附秦錄	逸	10	逸	10
1255	阿毗達磨大毗婆沙論	200	玄奘 譯	心	1	縻	10
1256	阿毗曇毗婆沙論	82	浮陀跋摩共道泰 譯	都	1	京	10
1257	阿毗達磨順正理論	80	玄奘 譯	背	1	涇	10
1258	阿毗達磨藏顯宗論	40	玄奘 譯	宮	1	鬱	10
1259	阿毗達磨俱舍論	30	玄奘 譯	樓	1	飛	10
1260	舍利弗阿毗曇論	30	曇摩耶舍共曇摩崛多 譯	驚	1	寫	10
1261	阿毗達磨俱舍釋論	22	真諦 譯	禽	1	畫	2
1262	阿毗達磨俱舍論本頌	2	玄奘 譯	畫	3	畫	4
1263	三法度論	3	僧伽提婆共慧遠 譯	畫	5	畫	7
1264	三彌底部論	3	失譯人名附三秦錄	畫	8	畫	10
1265	阿毗曇八犍度論	30	僧伽提婆共竺佛念 譯	彩	1	靈	10
1266	成實論	20	鳩摩羅什 譯	丙	1	舍	10
1267	阿毗達磨發智論	20	玄奘 譯	傍	1	啟	10
1268	阿毗達磨集[巳/廾]門足論	20	玄奘 譯	甲	1	帳	10
1269	阿毗達磨品類足論	18	玄奘 譯	對	1	楹	8
1270	阿毗曇甘露味論	2	失譯人名附曹魏錄	楹	9	楹	10
1271	鞞婆沙論	18	僧伽跋澄 譯	肆	1	筵	8
1272	隨相論	2	真諦 譯	筵	9	筵	10
1273	阿毗達磨識身足論	16	玄奘 譯	設	1	席	6
1274	阿毗達磨界身足論	2	玄奘 譯	席	7	席	8
1276	十八部論	1	失譯人名	席	10	席	10
1277	部執[巳/廾]論	1	真諦 譯	席	10	席	10
1278	[巳/廾]部宗輪論	1	玄奘 譯	席	10	席	10
1279	雜阿毗曇心論	16	僧伽跋摩 譯	鼓	1	瑟	6
1280	阿毗曇心論	4	僧伽提婆共慧遠 譯	瑟	7	瑟	10
1281	尊婆須蜜菩薩所集論	15	僧伽跋澄 等譯	吹	1	笙	5
1282	分別功德論	3	失譯人名附後漢錄	笙	6	笙	8
1283	入阿毗達磨論	2	玄奘 譯	笙	9	笙	10
1284	眾事分阿毗曇論	12	求那跋陀羅共菩提耶舍 譯	升	1	階	2
1285	解脫道論	12	僧伽婆羅 譯	階	3	納	3
1286	法勝阿毗曇心論	6	那連提黎耶舍 譯	納	4	納	9
1287	勝宗十句義論	1	玄奘 譯	納	10	納	10
1288	阿毗達磨法蘊足論	10	玄奘 譯	陛	1	陛	10
1289	立世阿毗曇論	10	真諦 譯	弁	1	弁	10
1290	大乘集菩薩學論	25	法護共日稱 譯	轉	1	疑	1
1291	大宗地玄文本論	8	真諦 譯	疑	2	疑	5
1292	金七十論	3	真諦 譯	疑	6	疑	8
1293	廣釋菩提心論	4	施護 等譯	疑	9	疑	10
1294	集諸法寶最上義論		施護 譯	星	1	星	1
1295	金剛針論	1	法天 譯	星	2	星	2
1296	菩提心離相論	1	施護 譯	星	2	星	2
1297	大乘破有論	1	施護 譯	星	3	星	3
1298	集大乘相論	1	施護 譯	星	3	星	3
1299	六十頌如理論	1	施護 譯	星	3	星	3
1300	大乘二十頌論	1	施護 譯	星	3	星	3
1301	佛母般若波羅蜜多圓集要義論	1	施護 譯	星	3	星	3
1302	佛母般若波羅蜜多圓集要義釋論	4	施護 等譯	星	4	星	5
1303	大乘寶要義論	10	法護惟淨 等譯	星	6	星	10
1304	菩薩本生鬘論	16	紹德慧詢 等譯	右	1	右	9
1305	聖佛母般若波羅蜜多九頌精義論	1	法護 譯	右	10	右	10
1306	大乘緣生論	1	不空 譯	右	10	右	10
1307	諸教決定名義論	1	施護 譯	右	10	右	10
1308	大乘中觀釋論	9	惟淨 等譯	通	1	通	4
1309	施設論	7	法護 譯	通	5	通	7
1310	大乘法界無差別論	1	提雲般若 譯	通	8	通	8
1311	金剛頂瑜伽中發阿耨多羅三藐三菩提心論	1	不空 譯	通	8	通	8
1312	彰所知論	2	元 發合思巴 造　沙羅巴 譯　	通	9	通	10
1313	出曜經	20	竺佛念 譯	廣	1	內	10
1314	賢愚因緣經	13	慧覺共威德 譯	左	1	達	3
1315	佛本行經	7	寶雲 譯	達	4	達	10
1316	撰集百緣經	10	支謙 譯	承	1	承	10
1317	修行道地經	8	竺法護 譯	明	1	明	8
1318	道地經	1	安世高 譯	明	9	明	9
1320	惟日雜難經	1	支謙 譯	明	10	明	10
1321	雜寶藏經	8	吉迦夜共曇曜 譯	既	1	既	8
1322	迦葉赴佛般涅盤經	1	曇無蘭 譯	既	9	既	9
1323	瑜伽翳迦訖沙羅烏瑟尼沙斫訖羅真言安怛陀那儀則一字頂輪王瑜伽經	1	不空 譯	既	9	既	9
1324	佛入涅盤密[迦-加+亦]金剛力士哀戀經	1	失譯人名附秦錄	既	9	既	9
1325	佛使比丘迦旃延說法沒盡偈經	1	失譯人名附西晉錄	既	9	既	9
1326	佛說佛治身經	1	失譯人名附西晉錄	既	9	既	9
1327	治意經	1	失譯人名附西晉錄	既	9	既	9
1328	文殊師利發願經	1	佛陀跋陀羅 譯	既	10	既	10
1329	六菩薩名亦當誦持經	1	失譯人名附後漢錄	既	10	既	10
1330	小道地經	1	支曜 譯	既	10	既	10
1331	阿含口解十二因緣經	1	安玄共嚴佛調 譯	既	10	既	10
1332	付法藏因緣經	6	吉迦夜共曇曜 譯	集	1	集	6
1333	達磨多羅禪經	2	佛陀跋陀羅 譯	集	7	集	8
1334	禪法要解經	2	鳩摩羅什 譯	集	9	集	10
1335	阿育王經	10	僧伽婆羅 譯	墳	1	墳	6
1336	阿育王譬喻經	1	失譯人名附東晉錄	墳	7	墳	7
1337	三慧經	1	失譯人名附北凉錄	墳	7	墳	7
1338	阿毗曇五法行經	1	安世高 譯	墳	7	墳	7
1339	賓頭盧突羅闍為優陀延王說法緣經	1	求那跋陀羅 譯	墳	8	墳	8
1340	請賓頭盧經	1	慧簡 譯	墳	8	墳	8
1341	大勇菩薩分別業報略經	1	僧伽跋摩 譯	墳	8	墳	8
1342	坐禪三昧法門經	2	鳩摩羅什 譯	墳	9	墳	10
1343	佛所行贊經	5	曇無讖 譯	典	1	典	5
1344	僧伽羅剎所集佛行經	5	僧伽跋澄 譯	典	6	典	10
1345	法句譬喻經	4	法炬共法立 譯	亦	1	亦	4
1346	菩提行經	4	天息灾 譯	亦	5	亦	6
1347	金剛頂一切如來真實攝大乘現證大教王經	2	不空 譯	亦	7	亦	8
1348	文殊菩薩及諸仙所說吉凶時日善惡宿曜經	2	不空 譯	亦	9	亦	10
1349	僧伽斯那所撰菩薩本緣經	4	支謙 譯	聚	1	聚	4
1350	那先比丘經	3	失譯人名附東晉錄	聚	5	聚	7
1352	禪要訶欲經	1	失譯人名附後漢錄	聚	10	聚	10
1353	內身觀章句經	1	失譯人名附後漢錄	聚	10	聚	10
1354	法觀經	1	竺法護 譯	聚	10	聚	10
1355	迦葉結經	1	安世高 譯	聚	10	聚	10
1356	百喻經	2	求那毗地 譯	群	1	群	2
1357	法句經	2	維只難 等譯	群	3	群	4
1358	眾經撰雜譬喻經	2	鳩摩羅什 譯	群	5	群	6
1359	阿育王子法益壞目因緣經	1	曇摩難提 譯	群	7	群	7
1360	雜譬喻經		失譯人名附後漢錄	群	8	群	8
1362	文殊所說最勝名義經		金總持 等譯	群	10	群	10
1363	迦丁比丘說當來變經	1	失譯人名附劉宋錄	英	1	英	1
1364	雜譬喻經	1	支婁迦讖 譯	英	1	英	1
1365	思惟要略法	1	鳩摩羅什 譯	英	2	英	2
1366	十二游經	1	迦留陀伽 譯	英	2	英	2
1367	賢聖集伽陀一百頌	1	天息灾 譯	英	3	英	3
1368	廣大發願頌	1	施護 等譯	英	3	英	3
1369	無能勝大明陀羅尼經	1	法天 譯	英	3	英	3
1370	無能勝大明心陀羅尼經	1	法天 譯	英	3	英	3
1371	十不善業道經	1	日稱 等譯	英	3	英	3
1372	大乘修行菩薩行門諸經要集	3	智嚴 譯	英	4	英	6
1373	四阿含暮抄解	2	鳩摩羅弗提 等譯	英	7	英	8
1374	五門禪經要用法	1	曇摩密多 譯	英	9	英	9
1375	金剛頂瑜伽千手千眼觀自在菩薩修行儀軌經	1	不空 譯	英	10	英	10
1376	密迹力士大權神王經偈頌	1	管主八 撰	杜	1	杜	1
1377	一切秘密最上名義大教王儀軌		施護 譯	杜	2	杜	2
1378	大樂金剛薩埵修行成就儀軌	1	不空 譯	杜	3	杜	3
1379	曼殊室利菩薩吉祥伽陀	1	法賢 譯	杜	3	杜	3
1380	成就妙法蓮華經王瑜伽觀智儀軌	1	不空 譯	杜	4	杜	4
1381	金剛頂瑜伽降三世成就極深密門	1	不空共遍智 譯	杜	5	杜	5
1382	金剛頂瑜伽他化自在天理趣會普賢修行念誦軌	1	不空 譯	杜	5	杜	5
1383	金剛壽命陀羅尼念誦法	1	金剛智共不空 譯	杜	6	杜	6
1384	大藥叉女歡喜母并愛子成就法	1	不空 譯	杜	6	杜	6
1385	佛說帝釋嚴秘密成就儀軌	1	施護 譯	杜	6	杜	6
1386	觀自在菩薩如意輪念誦儀軌	1	不空 譯	杜	6	杜	6
1387	大毗盧遮那成佛神變加持經略示七支念誦隨行法	1	不空 譯	杜	7	杜	7
1388	速疾立驗摩醯首羅天說阿尾奢法	1	不空 譯	杜	7	杜	7
1389	大聖曼殊室利童子五字瑜伽法	1	不空 譯	杜	7	杜	7
1390	大威怒烏刍澀麼儀軌	1	不空 譯	杜	8	杜	8
1391	大孔雀明王畫像壇場儀軌	1	不空 譯	杜	8	杜	8
1392	金剛頂瑜伽金剛薩埵儀軌	1	不空 譯	杜	8	杜	8
1393	一字金輪王佛頂要略念誦法	1	不空 譯	杜	9	杜	9
1394	觀自在菩薩如意輪瑜伽念誦法	1	不空 譯	杜	9	杜	9
1395	大聖大歡喜雙身毗那耶迦法	1	不空 譯	杜	9	杜	9
1396	大日經略攝念誦隨行法	1	不空 譯	杜	9	杜	9
1397	五字陀羅尼頌	1	不空 譯	杜	10	杜	10
1398	仁王般若陀羅尼釋	1	不空 譯	杜	10	杜	10
1399	大樂金剛不空真實三昧耶經般若波羅蜜多理趣釋	2	不空 譯	稿	1	稿	2
1400	佛說最勝妙吉祥根本智最上秘密一切名義三摩地分		施護 譯	稿	3	稿	3
1402	金剛頂勝初瑜伽普賢菩薩念誦法經	1	不空 譯	稿	4	稿	4
1403	金剛頂瑜伽金剛薩埵五秘密修行念誦儀軌	1	不空 譯	稿	5	稿	5
1404	無量壽如來修觀行供養儀軌	1	不空 譯	稿	5	稿	5
1405	甘露軍荼利菩薩供養念誦成就儀軌	1	不空 譯	稿	6	稿	6
1406	觀自在多羅瑜伽念誦法	1	不空 譯	稿	7	稿	7
1407	聖觀自在菩薩心真言瑜伽觀行儀軌	1	不空 譯	稿	7	稿	7
1408	菩薩訶色欲法	1	鳩摩羅什 譯	稿	8	稿	8
1409	四品學法	1	求那跋陀羅 譯	稿	8	稿	8
1410	大虛空藏菩薩念誦法	1	不空 譯	稿	8	稿	8
1411	仁王般若念誦法	1	不空 譯	稿	8	稿	8
1412	阿閦如來念誦供養法	1	不空 譯	稿	9	稿	9
1413	佛頂尊勝陀羅尼念誦儀軌	1	不空 譯	稿	9	稿	9
1414	聖閻曼德迦威怒王立成大神驗念誦法	1	不空 譯	稿	10	稿	10
1415	大乘方廣曼殊室利菩薩華嚴本教贊閻曼德迦忿怒王真言大威德儀軌品	1	不空 譯	稿	10	稿	10
1416	大方廣曼殊室利童真菩薩華嚴本教贊閻曼德迦忿怒王真言阿毗遮嚕迦儀軌品	1	不空 譯	稿	10	稿	10
1417	蘇悉地羯羅供養法	3	善無畏 譯	鍾	1	鍾	2
1418	不動使者陀羅尼秘密法	1	金剛菩提 譯	鍾	3	鍾	3
1419	金剛頂瑜伽修習毗盧遮那三摩地法	1	金剛智 譯	鍾	3	鍾	3
1420	金剛頂瑜伽經文殊師利菩薩儀軌供養法	1	不空 譯	鍾	4	鍾	4
1421	瑜伽蓮華部念誦法	1	不空 譯	鍾	4	鍾	4
1422	金剛頂經瑜伽觀自在王如來修行法	1	金剛智 譯	鍾	5	鍾	5
1423	金剛頂經觀自在王如來修行法	1	不空 譯	鍾	6	鍾	6
1424	金剛手光明灌頂經最勝立印聖無動尊大威怒王念誦儀軌	1	不空共遍智 譯	鍾	6	鍾	6
1425	略述金剛頂瑜伽分別聖位修證法門	1	不空 譯	鍾	7	鍾	7
1426	一字佛頂輪王念誦儀軌	1	不空 譯	鍾	7	鍾	7
1427	仁王護國般若波羅蜜多經道場念誦軌儀	1	不空 譯	鍾	8	鍾	8
1428	金剛頂蓮華部心念誦儀軌	1	不空 譯	鍾	9	鍾	9
1429	佛說如意輪蓮華心如來修行觀門儀	1	慈賢 譯	鍾	10	鍾	10
1430	妙吉祥平等瑜伽秘密觀身成佛儀軌	1	慈賢 譯	鍾	10	鍾	10
1431	法集要頌經	4	天息灾 譯	隸	1	隸	4
1432	勸發諸王要偈	1	求那跋摩 譯	隸	5	隸	5
1433	龍樹菩薩勸誡王頌	1	義淨 譯	隸	5	隸	5
1434	普賢金剛薩埵瑜伽念誦儀	1	不空 譯	隸	6	隸	6
1435	金剛頂瑜伽護摩儀軌	1	智藏 譯	隸	6	隸	6
1436	大悲心陀羅尼修行念誦略儀	1	不空 譯	隸	7	隸	7
1437	妙吉祥平等觀門大教王經略出護摩儀	1	慈賢 譯	隸	7	隸	7
1438	金剛頂超勝三界經說文殊五字真言勝相	1	不空 譯	隸	7	隸	7
1439	金剛頂經瑜伽文殊菩薩法一品	1	不空 譯	隸	8	隸	8
1440	金剛頂瑜伽經十八會指歸	1	不空 譯	隸	8	隸	8
1441	訶利帝母真言法	1	不空 譯	隸	8	隸	8
1442	大方廣佛華嚴經入法界品四十二字觀	1	不空 譯	隸	9	隸	9
1443	般若波羅蜜多理趣經大安樂不空三昧真實金剛菩薩等一十七聖大曼荼羅義述	1	不空 譯	隸	9	隸	9
1444	陀羅尼門諸部要目	1	不空 譯	隸	9	隸	9
1445	金剛頂瑜伽三十七尊禮	1	不空 譯	隸	9	隸	9
1446	受菩提心戒儀	1	不空 譯	隸	9	隸	9
1447	大聖文殊師利菩薩贊佛法身禮	1	不空 譯	隸	9	隸	9
1448	一百五十贊佛頌	1	義淨 譯	隸	10	隸	10
1449	百千頌大集經地藏菩薩請問法身贊	1	不空 譯	隸	10	隸	10
1451	阿育王傳	5	安法欽 譯	漆	2	漆	6
1452	馬鳴菩薩傳	1	鳩摩羅什 譯	漆	7	漆	7
1453	龍樹菩薩傳	1	鳩摩羅什 譯	漆	7	漆	7
1454	提婆菩薩傳	1	鳩摩羅什 譯	漆	7	漆	7
1455	婆藪盤豆傳	1	真諦 譯	漆	8	漆	8
1456	龍樹菩薩為禪陀迦王說法要偈	1	求那跋摩 譯	漆	8	漆	8
1457	撰集三藏及雜藏傳	1	失譯人名附東晉錄	漆	9	漆	9
1458	大阿羅漢難提蜜多羅所說法住記	1	玄奘 譯	漆	9	漆	9
1459	瑜伽集要焰口施食儀	1	不空 譯	漆	10	漆	10
1460	釋迦譜	10	僧佑 撰	書	1	書	10
1461	釋迦氏譜	2	道宣 撰	壁	1	壁	2
1462	釋迦方志	3	道宣 撰	壁	3	壁	5
1463	集古今佛道論衡實錄	4	道宣 撰	壁	6	壁	9
1465	經律[巳/廾]相	50	寶唱 等撰	經	1	相	10
1466	諸經要集	30	道世 撰	路	1	槐	10
1467	陀羅尼雜集	10	失譯人名附梁錄	卿	1	卿	10
1468	出三藏記集	17	僧佑 撰	戶	1	封	7
1469	顯密圓通成佛心要集	2	道[辰*殳] 集	封	8	封	9
1470	密咒圓因往生集	1	智廣 等編集	封	10	封	10
1471	弘明集	14	僧佑 撰	八	1	縣	4
1472	集沙門不應拜俗等事	6	彥悰 撰	縣	5	縣	10
1473	廣弘明集	40	道宣 撰	家	1	兵	10
1474	法苑珠林	100	道世 集	高	1	祿	10
1475	大唐內典錄	16	道宣 撰	侈	1	富	6
1476	集神州塔寺三寶感通錄	4	道宣 撰	富	7	富	10
1477	開元釋教錄	30	智升 撰	車	1	肥	10
1478	開元釋教錄略出	5	智升 撰	輕	1	輕	5
1479	古今譯經圖紀	4	靖邁 撰	輕	6	輕	9
1480	續古今譯經圖紀	1	智升 撰	輕	10	輕	10
1481	宗鏡錄	100	延壽 集	策	1	溪	10
1482	高僧傳	14	慧皎 撰	伊	1	尹	4
1483	大唐西域求法高僧傳	2	義淨 撰	尹	5	尹	6
1484	南海寄歸內法傳	4	義淨 撰	尹	7	尹	10
1485	續高僧傳	40	道宣 撰	佐	1	衡	10
1486	大慈恩寺三藏法師傳	10	惠立 撰　彥悰 箋補	奄	1	奄	10
1487	宋高僧傳	30	贊寧共智輪 撰	宅	1	阜	10
1488	法顯傳	1	法顯 撰	微	1	微	1
1489	比丘尼傳	2	寶唱 撰	微	2	微	3
1490	十門辯惑論	2	復禮 撰	微	4	微	5
1491	甄正論	3	玄嶷 撰	微	6	微	8
1492	破邪論	2	法琳 撰	微	9	微	10
1493	辯正論	9	法琳 撰　陳子良 注	旦	1	旦	9
1494	護法論	1	張商英 述	旦	10	旦	10
1495	大唐西域記	10	玄奘 撰	孰	1	孰	10
1496	歷代三寶記	15	費長房 撰	營	1	桓	5
1497	集諸經禮懺悔文	4	智升 撰	桓	6	桓	9
1498	說罪要行法	1	義淨 撰	桓	10	桓	10
1499	受用三水要行法	1	義淨 撰	桓	10	桓	10
1500	護命放生軌儀法	1	義淨 撰	桓	10	桓	10
1501	慈悲道場懺法	10	諸大法師 集撰	公	1	公	10
1503	法華三昧行事運想補助儀	1	湛然 撰	輔	1	輔	1
1504	金光明懺法補助儀	1	遵式 集	輔	2	輔	2
1505	往生淨土懺願儀	1	遵式 集	輔	3	輔	3
1506	往生淨土決疑行願二門	1	遵式 集	輔	3	輔	3
1507	請觀世音菩薩消伏毒害陀羅尼三昧儀	1	遵式 集	輔	4	輔	4
1508	金光明最勝懺儀	1	知禮 集	輔	4	輔	4
1509	千手眼大悲心咒行法	1	知禮 集	輔	5	輔	5
1510	禮法華經儀式	1	知禮 集	輔	5	輔	5
1511	熾盛光道場念誦儀	1	遵式 撰	輔	6	輔	6
1512	釋迦如來涅盤禮贊文	1	仁岳 撰	輔	6	輔	6
1513	觀自在菩薩如意輪咒課法	1	仁岳 撰	輔	7	輔	7
1514	天臺智者大師齋忌禮贊文	1	遵式 撰	輔	7	輔	7
1515	慈悲水懺法	3	知玄 述	輔	8	濟	10
1516	景德傳燈錄	30	道源 纂	合	1	弱	10
1517	六祖大師法寶壇經	1	惠能說 法海 等集　	扶	1	扶	1
1518	宗門統要正續集	21	宋 宗永 集　元 清茂 續集	扶	2	綺	2
1519	明覺禪師語錄	6	重顯 說　惟蓋等編	綺	3	綺	8
1520	傳法正宗論	2	契嵩 編	綺	9	綺	10
1521	傳法正宗記	10	契嵩 編修	回	1	回	10
1522	輔教編	3	契嵩 撰	漢	1	漢	3
1524	大慧普覺禪師語錄	30	宗杲 說　蘊聞 集　	說	1	武	10
1525	天目中峰和尚廣錄	30	明本 撰	丁	1	丁	10
1526	妙法蓮華經玄義	20	智顗 說　灌頂 記	密	1	勿	10
1527	法華玄義釋簽	20	隋 智顗 說　灌頂 記　唐 湛然 釋　	多	1	士	10
1528	妙法蓮華經文句	20	智顗 說　灌頂 記	實	1	寧	10
1529	法華文句記	30	湛然 述	晉	1	更	10
1530	摩訶止觀	20	智顗 說　灌頂 記	霸	1	趙	10
1531	止觀輔行傳弘訣	40	湛然 述	魏	1	假	10
1532	修習止觀坐禪法要	2	智顗 述	途	1	途	2
1533	止觀義例	2	湛然 述	途	3	途	4
1534	大乘止觀法門	4	慧思 說	途	5	途	8
1535	諸法無諍三昧法門	2	慧思 說	途	9	途	10
1536	大般涅盤經玄義	2	灌頂 撰	滅	1	滅	2
1537	大般涅盤經疏	33	隋 灌頂 撰　唐 湛然 再治	滅	3	土	5
1538	涅盤經玄義發源機要	4	智圓 述	土	6	土	9
1539	法華經安樂行義	1	慧思 說	土	10	土	10
1540	金光明經玄義	2	智顗 說　灌頂 錄　	會	1	會	2
1541	金光明經玄義拾遺記	6	知禮 述	會	3	會	8
1542	金剛般若經疏	1	智顗 說	會	9	會	9
1543	天臺四教儀	1	諦觀 錄	會	10	會	10
1544	金光明經文句	6	智顗 說　灌頂 錄　	盟	1	盟	6
1545	金光明經文句記	12	知禮 述	盟	7	何	8
1546	菩薩戒儀疏	2	智顗 說　灌頂 記	何	9	何	10
1547	觀音玄義	2	智顗 說　灌頂 記	遵	1	遵	2
1548	觀音玄義記	4	知禮 述	遵	3	遵	6
1549	觀音義疏	2	智顗 說　灌頂 記	遵	7	遵	8
1550	觀音義疏記	4	知禮 述	遵	9	約	2
1551	觀無量壽佛經疏	1	智顗 說	約	3	約	3
1552	觀無量壽佛經疏妙宗鈔	6	知禮 述	約	4	約	9
1553	天臺智者大師禪門口訣	1	智顗 說	約	10	約	10
1554	請觀音經疏	1	智顗 說　灌頂 記	法	1	法	1
1555	請觀音經疏闡義鈔	4	智圓 述	法	2	法	5
1556	釋摩訶般若波羅蜜經覺意三昧	1	智顗 說　灌頂 記	法	6	法	6
1557	四念處	4	智顗 說　灌頂 記	法	7	法	10
1558	仁王護國般若經疏	5	智顗 說　灌頂 記	韓	1	韓	5
1559	佛說仁王護國般若波羅蜜經疏神寶記	4	善月 述	韓	6	韓	9
1560	天臺八教大意	1	灌頂 撰	韓	10	韓	10
1561	四教義	6	智顗 撰	弊	1	弊	6
1562	國清百錄	4	智寂 等錄　灌頂 纂集	弊	7	弊	10
1563	釋禪波羅蜜次第法門	10	智顗 說　法慎 記　灌頂 再治	煩	1	煩	10
1564	法界次第初門	3	智顗 撰	刑	1	刑	3
1565	方等三昧行法	1	智顗 說　灌頂 記	刑	4	刑	4
1566	淨土十疑論	1	智顗 說	刑	5	刑	5
1567	觀心論疏	5	灌頂 撰	刑	6	刑	10
1568	南岳思大禪師立誓願文	1	慧思 述	起	1	起	1
1569	天臺智者大師別傳	1	灌頂 撰	起	2	起	2
1570	止觀大意	1	湛然 述	起	3	起	3
1571	始終心要	1	湛然 述	起	3	起	3
1572	修懺要旨	1	知禮 述	起	3	起	3
1574	指要鈔	2	知禮 述	起	5	起	6
1575	金剛錍	1	湛然 述	起	7	起	7
1576	法智遺編觀心二百問	1	知禮 撰　法孫繼忠 集　	起	8	起	8
1577	永嘉集	1	玄覺 撰	起	9	起	9
1578	天臺傳佛心印記	1	懷則 述	起	10	起	10
1579	淨土境觀要門	1	懷則 述	起	10	起	10
1580	首楞嚴經義海	30	唐 懷迪證釋　宋 咸輝 排經入注	翦	1	牧	10
1581	大方廣佛華嚴經疏	60	澄觀 述	用	1	威	10
1582	大方廣佛華嚴經隨疏演義鈔	90	澄觀 述	沙	1	禹	10
1583	華嚴一乘教義分齊章	4	法藏 述	跡	1	跡	4
1584	華嚴經明法品內立三寶章	2	法藏 述	跡	5	跡	6
1585	修華嚴奧旨妄盡還源觀	1	法藏 述	跡	7	跡	7
1586	原人論	1	宗密 述	跡	7	跡	7
1587	華嚴經指歸	1	法藏 述	跡	8	跡	8
1588	注華嚴法界觀門	1	宗密 注	跡	9	跡	9
1589	佛遺教經論疏節要	1	智圓 疏　淨源 節要	跡	10	跡	10
1590	華嚴法界玄鏡	2	澄觀 述	百	1	百	2
1591	般若波羅蜜多心經略疏	1	法藏 述	百	3	百	3
1592	般若心經略疏連珠記	2	唐 法藏 述　宋 師會 述記	百	4	百	5
1593	盂蘭盆經疏	1	宗密 述	百	6	百	6
1594	華嚴金師子章	1	法藏 述	百	7	百	7
1595	佛說阿彌陀經疏	1	元曉 述	百	7	百	7
1596	紹興重雕大藏音	3	處觀 集	百	8	百	10
1597	一切經音義	26	玄應 撰	郡	1	并	6
1598	華嚴經音義	4	慧苑 述	并	7	并	10
1600	隋眾經目錄	5	翻經沙門及學士 等撰	嶽	6	嶽	10
1601	隋眾經目錄	6	法經 撰	宗	1	宗	6
1602	武周刊定眾經目錄	15	明佺 等撰	宗	7	泰	10
1603	大藏聖教法寶標目	10	王古 撰	岱	1	岱	10
1604	至元法寶勘同總錄	10	慶吉祥 等集	禪	1	禪	10
1605	楞伽阿颰多羅寶經注解	8	宗泐如[王*巳] 同注	主	1	主	8
1606	般若波羅蜜多心經注解	1	宗泐如[王*巳] 同注	主	9	主	9
1607	金剛般若波羅蜜經注解	1	宗泐如[王*巳] 同注	主	9	主	9
1608	大明太宗文皇帝御製序贊文	1	太宗朱棣 撰	主	10	主	10
1609	諸佛世尊如來菩薩尊者神僧名經	40	太宗朱棣 製	云	1	門	10
1610	諸佛世尊如來菩薩尊者名稱歌曲	50	太宗朱棣 製	紫	1	赤	10
1611	感應歌曲	1		城	1	城	1
1612	神僧傳	9	太宗朱棣 集撰	城	2	城	9
1613	大明三藏法數	40	一如 等編集	昆	1	石	10
1614	華嚴懸談會玄記	40	唐 澄觀 疏鈔　元 普瑞 述記	鉅	1	庭	10
1615	妙法蓮華經要解	20	戒環 解	曠	1	遠	10
1617	大乘起信論疏	5	法藏 述	巖	1	巖	5
1618	大乘起信論疏筆削記	15	子璿 錄	巖	6	岫	10
1619	肇論新疏	10	文才 述	杳	1	杳	10
1620	肇論新疏游刃	10	文才 述	冥	1	冥	10
1621	圓覺經略疏之鈔	30	宗密 于大疏略出	治	1	於	10
1622	金剛經疏論纂要	3	唐 宗密 述　宋 子璿 治定	農	1	農	3
1623	釋金剛經刊定記	7	子璿 錄	農	4	農	10
1624	維摩詰所說經注	10	姚秦 鳩摩羅什僧肇道生 三家法中集出	務	1	務	10
1625	華嚴原人論	5	宗密 述	茲	1	茲	5
1626	析疑論	5	子成 撰　師子比丘 述注	茲	6	茲	10
1627	天臺四教儀集注	10	諦觀 注	稼	1	稼	10
1628	教乘法數	40	圓[沼-召+靜] 集	穡	1	南	10
1629	佛祖歷代通載	36	念常 集	畝	1	黍	6
1630	禪林寶訓	4	妙喜 等集　淨善 重集	黍	7	黍	10
1631	大方廣佛華嚴經疏鈔	30	澄觀 集	稷	1	熟	10
1632	翻譯名義集	20	法雲 編	貢	1	新	10
1633	禪宗正脈	20	如巹 集	勸	1	賞	10
1634	百丈清規	8	唐 懷海 撰　元 法輝 重編	黜	1	黜	8
1635	三教平心論	2	劉謐 撰	黜	9	黜	10
1636	緇門警訓	10	如巹 續集	陟	1	陟	10
1637	鐔津文集	20	契嵩 編撰	孟	1	軻	10
1638a	八識規矩	3	唐 玄奘 造頌　明 普泰 補注	敦	1	敦	3
1638b	百法明門論		玄奘 譯	敦	3	敦	3
1639	禪源諸詮集都序	4	宗密 述	敦	4	敦	7
1640	修心訣	1	普照 述	敦	8	敦	8
1641	真心直說	1	知訥 述	敦	9	敦	9
1642	寶藏論	1	僧肇 述	敦	10	敦	10
1643	盧山蓮宗鑒	7	普度 集	素	1	素	7
1644	永明智覺禪師唯心訣	1	延壽 述	素	8	素	8
1645	禪宗決疑集	1	智徹 述	素	9	素	9
1646	黃檗傳心法要	1	希運 說　裴休 集　	素	10	素	10
1647	萬善同歸集	6	延壽 述	史	1	史	6
1648	華嚴法界觀通玄記頌注	2	宋 本嵩 述頌　元 琮湛 集解	史	7	史	8
1649	大明仁孝皇后夢感佛說第一希有大功德經	2	仁孝皇后 傳	史	9	史	10
1650	續傳燈錄	36	居頂 編	合	1	扶	5
1651	古尊宿語錄	48	賾藏主 集	密	2	士	12
1652	禪宗頌古聯珠通集	21	宋 法應 集　元 普全 續集	雞	1	赤	7
1653	佛祖統記	54	志磐 撰	城	1	碣	11
1654	大明三藏聖教目錄	3	雙徑山僧眾 編				
0097	大方廣佛華嚴經續入法界品	1	地婆訶羅 譯	壹	4	壹	4
0151	相續解脫如來所作隨順處了義經	1	求那跋陀羅 譯	髮	1	髮	1
0168a	番字藥師琉璃光七佛本願功德經	1	義淨 譯	惟		惟	
0189	佛說無所希望經	1	竺法護 譯	慕	2	慕	2
0227	佛說德護長者經	2	那連提黎耶舍 譯	潔	8	潔	9
0271	稱贊大乘功德經	1	玄奘 譯	良	7	良	7
0283	大乘造像功德經		提雲般若 等譯	知	1	知	1
0311	不空罥索神咒心經	1	玄奘 譯	過	10	過	10
0323	十一面神咒心經	1	玄奘 譯	能	8	能	8
0361	東方最勝燈王如來助護持世間神咒經	1	闍那崛多 譯	罔	4	罔	4
0377	摩訶摩耶經	2	曇景 譯	彼	7	彼	8
0418	大威德陀羅尼經	20	闍那崛多 等譯	覆	1	器	6
0465	佛說法滅盡經	1	失譯人名附劉宋錄	景	10	景	10
0507	八大人覺經	1	安世高 譯	維	2	維	2
0538	增壹阿含經	50	曇摩難提 譯	形	1	空	10
0572	佛說齋經	1	支謙 譯	緣	7	緣	7
0612	佛說婆羅門避死經	1	安世高 譯	善	8	善	8
0632	阿難分別經	1	聖堅 譯	慶	1	慶	1
0647	佛說聖法印經	1	竺法護 譯	慶	9	慶	9
0675	佛本行集經	60	闍那崛多 譯	父	1	與	10
0702	佛說龍王兄弟經	1	支謙 譯	敬	9	敬	9
0734	佛說業報差別經	1	法智 譯	當	4	當	4
0747	天請問經	1	玄奘 譯	當	7	當	7
0767	佛說摩達國王經	1	沮渠京聲 譯	當	10	當	10
0799	佛說大迦葉問大寶積正法經	5	施護 譯	忠	9	忠	10
0830	佛說如意寶總持王經	1	施護 譯	則	10	則	10
0853	眾許摩訶帝經	13	法賢 譯	命	2	命	8
0879	佛說消除一切灾障寶髻陀羅尼經	1	法賢 譯	臨	8	臨	8
0894	佛說頻婆娑羅王經	1	法賢 譯	臨	10	臨	10
0930	佛說大乘不思議神通境界經		施護 譯	薄	8	薄	8
0941	佛說無畏授所問大乘經		施護 譯	夙	6	夙	6
0965	大乘密嚴經	3	不空 譯	清	3	清	5
0988	佛說巨力長者所問大乘經		智吉祥 等譯	斯	6	斯	6
1023	佛說秘密三昧大教王經	4	施護 等譯	淵	1	淵	4
1038	大乘瑜伽金剛性海曼殊室利千臂千鉢大教王經	10	不空 譯	容	1	容	10
1070	聖觀自在菩薩功德贊	1	施護 譯	言	7	言	7
1111	四分律藏	60	佛陀耶舍共竺佛念 譯	業	1	無	10
1155	大沙門百一羯磨法	1	失譯人名附劉宋錄	外	10	外	10
1176a	攝大乘論	3	真諦 譯	隱	6	隱	8
1189	成唯識論	10	玄奘 譯	義	1	義	10
1221	觀總相論頌	1	義淨 譯	匪	10	匪	10
1243	回諍論	1	毗目智仙 等譯	逸	1	逸	1
1275	五事毗婆沙論		玄奘 譯	席	9	席	9
1319	佛說佛醫經	1	竺律炎共支越 譯	明	10	明	10
1351	舊雜譬喻經	2	康僧會 譯	聚	8	聚	9
1361	無明羅剎經	1	失譯人名附秦錄	群	9	群	9
1401	金剛王菩薩秘密念誦儀軌	1	不空 譯	稿	4	稿	4
1450	佛吉祥德贊		施護 譯	漆	1	漆	1
1464	續集古今佛道論衡	1	智升 撰	壁	10	壁	10
1502	法華三昧懺儀	1	智顗 撰　灌頂 記	輔	1	輔	1
1523	圓悟佛果禪師語錄	17	克勸 說　紹隆等編	漢	4	惠	10
1573	十不二門	1	湛然 述	起	4	起	4
1599	辯偽錄	5	祥邁 撰	嶽	1	嶽	5
1616	大佛頂萬行首楞嚴經會解	20	唐 宋 九師 釋　元 惟則 會解	綿	1	邈	10